# Sequel Pro dump
# Version 2492
# http://code.google.com/p/sequel-pro
#
# Host: localhost (MySQL 5.0.41)
# Database: school
# Generation Time: 2011-04-22 16:17:50 +0800
# ************************************************************

/*!40101 SET @OLD_CHARACTER_SET_CLIENT=@@CHARACTER_SET_CLIENT */;
/*!40101 SET @OLD_CHARACTER_SET_RESULTS=@@CHARACTER_SET_RESULTS */;
/*!40101 SET @OLD_COLLATION_CONNECTION=@@COLLATION_CONNECTION */;
/*!40101 SET NAMES utf8 */;
/*!40014 SET @OLD_UNIQUE_CHECKS=@@UNIQUE_CHECKS, UNIQUE_CHECKS=0 */;
/*!40014 SET @OLD_FOREIGN_KEY_CHECKS=@@FOREIGN_KEY_CHECKS, FOREIGN_KEY_CHECKS=0 */;
/*!40101 SET @OLD_SQL_MODE=@@SQL_MODE, SQL_MODE='NO_AUTO_VALUE_ON_ZERO' */;
/*!40111 SET @OLD_SQL_NOTES=@@SQL_NOTES, SQL_NOTES=0 */;


# Dump of table end_admin
# ------------------------------------------------------------

DROP TABLE IF EXISTS `end_admin`;

CREATE TABLE `end_admin` (
  `admin_id` int(10) unsigned NOT NULL auto_increment,
  `rights_id` int(10) unsigned NOT NULL default '0',
  `name` varchar(200) collate utf8_unicode_ci NOT NULL,
  `password` varchar(200) collate utf8_unicode_ci NOT NULL,
  `email` varchar(100) collate utf8_unicode_ci default NULL,
  `status` varchar(100) collate utf8_unicode_ci default NULL,
  UNIQUE KEY `id` (`admin_id`)
) ENGINE=MyISAM AUTO_INCREMENT=37 DEFAULT CHARSET=utf8 COLLATE=utf8_unicode_ci;

LOCK TABLES `end_admin` WRITE;
/*!40000 ALTER TABLE `end_admin` DISABLE KEYS */;
INSERT INTO `end_admin` (`admin_id`,`rights_id`,`name`,`password`,`email`,`status`)
VALUES
	(36,1,'endcms','77fbc280bf0900b454c5b83ab0b52fb965d30811','endcms@endcms.com',NULL);

/*!40000 ALTER TABLE `end_admin` ENABLE KEYS */;
UNLOCK TABLES;


# Dump of table end_article
# ------------------------------------------------------------

DROP TABLE IF EXISTS `end_article`;

CREATE TABLE `end_article` (
  `article_id` int(11) NOT NULL auto_increment,
  `category_id` int(11) NOT NULL default '0',
  `name` varchar(250) character set utf8 collate utf8_unicode_ci NOT NULL,
  `content` text character set utf8 collate utf8_unicode_ci NOT NULL,
  `create_time` int(11) NOT NULL,
  `publish_time` date NOT NULL default '2011-01-01',
  `status` tinyint(4) NOT NULL default '0',
  `order_id` int(11) NOT NULL,
  `view_count` int(11) unsigned NOT NULL default '1',
  `url` varchar(250) character set utf8 collate utf8_unicode_ci NOT NULL,
  `is_photo` varchar(4) NOT NULL default '0',
  `img` varchar(250) default NULL,
  PRIMARY KEY  (`article_id`),
  KEY `url` (`url`)
) ENGINE=MyISAM AUTO_INCREMENT=28 DEFAULT CHARSET=utf8;

LOCK TABLES `end_article` WRITE;
/*!40000 ALTER TABLE `end_article` DISABLE KEYS */;
INSERT INTO `end_article` (`article_id`,`category_id`,`name`,`content`,`create_time`,`publish_time`,`status`,`order_id`,`view_count`,`url`,`is_photo`,`img`)
VALUES
	(1,3,'测试新闻。测试新闻。测试新闻。测试新闻。测试新闻。测试新闻。测试新闻。测试新闻。','<p>\r\n	辅大发反对撒a</p>\r\n<p>\r\n	<img src=\"public/2011/04/04_20_21_35_02_6487.jpeg\" /></p>\r\n',0,'2011-04-20',1,0,1,'','0',NULL),
	(2,3,'a','<p>\r\n	a</p>\r\n',1303312420,'2011-04-21',1,0,1,'','0',NULL),
	(3,8,'教育系统创先争优经验交流视频会议召开','<p>\r\n	<meta charset=\"utf-8\" /></p>\r\n<p>\r\n	&nbsp;&nbsp; &nbsp;4月2日上午，教育部召开教育系统深入开展创先争优活动经验交流视频会议，学校设分会场。校党委书记、创先争优活动领导小组组长王志强，党委常委、组织部部长雷平出席会议。学校创先争优活动领导小组成员、党群部门主要负责人、学院党委（直属支部）书记和师生代表参加了会议。王志强书记就学校深入开展创先争优活动提出了明确的要求。</p>\r\n<p>\r\n	&nbsp;&nbsp;&nbsp;&nbsp;&nbsp;&nbsp;&nbsp;&nbsp;&nbsp;&nbsp;&nbsp;&nbsp;&nbsp;&nbsp;&nbsp;&nbsp;&nbsp;<img alt=\"\" src=\"http://www.news.uestc.edu.cn/Data/Image/110402/shipinhui2.jpg\" vspace=\"8\" /><br />\r\n	<br />\r\n	&nbsp;&nbsp;&nbsp; 会上，教育部部长、党组书记袁贵仁同志总结了前一阶段教育系统开展创先争优活动的特点和取得的成绩。他指出，今年是中国共产党成立90周年，是&ldquo;十二五&rdquo;开局之年，也是全面落实教育规划纲要的关键之年，开展好教育系统创先争优活动具有十分重要的意义。他要求各级教育部门和各级各类学校要结合实际，加强组织领导，坚持一级抓一级，一级带一级，深入开展创先争优活动，为推动教育事业的科学发展，建设人力资源强国提供坚实保障，以优异成绩迎接建党90周年。袁贵仁对进一步推动创先争优活动深入开展提出了明确的要求，一是总结经验，进一步增强深入开展创先争优活动的责任感和使命感；二是突出重点，扎实推进2011年教育系统创先争优活动；三是创新载体，切实加强教育系统政风、行风、学风建设。&nbsp;<br />\r\n	<br />\r\n	&nbsp;&nbsp;&nbsp; 福建省委教育工委、天津大学、上海师范大学、北京市商业学校、湖南省长沙市雅礼中学、湖北省武汉市青山区钢花小学和教育部职成司就本单位开展创先争优活动的做法作了交流发言。&nbsp;</p>\r\n<p>\r\n	&nbsp;&nbsp;&nbsp;&nbsp;&nbsp;&nbsp;&nbsp;&nbsp;&nbsp;&nbsp;&nbsp;&nbsp;&nbsp;&nbsp;&nbsp;&nbsp;&nbsp;&nbsp;<img alt=\"\" src=\"http://www.news.uestc.edu.cn/Data/Image/110402/shipinhui.jpg\" vspace=\"8\" /><br />\r\n	<br />\r\n	&nbsp;&nbsp;&nbsp; 会后，党委书记王志强对学校深入开展创先争优活动作了部署。他要求学校各级党组织要认真学习贯彻本次视频会议精神，要围绕学校的中心工作和发展目标，立足本职岗位，充分发挥党委的政治核心作用、党支部的战斗堡垒和党员的先锋模范作用，将创先争优活动推向深入。王书记希望各单位认真组织好庆祝建党九十周年学校开展的唱红歌比赛、先进党组织和优秀党员评选表彰等相关工作。他强调要进一步加大宣传力度，要广泛宣传创先争优活动中涌现出来的先进典型，营造学习先进、争当优秀的良好氛围，以优异成绩迎接建党90周年。&nbsp;</p>\r\n',1303314083,'2011-04-20',1,0,1,'','0','http://www.news.uestc.edu.cn/Data/Image/110402/shipinhui2.jpg'),
	(4,4,'电子科大称冠ACM西南区邀请赛','<p>\r\n	<meta charset=\"utf-8\" />&nbsp;&nbsp; &nbsp;4月10日，我校ACM队队员赴四川大学参加四川大学第十届ACM程序设计竞赛暨西南地区高校邀请赛。我校包揽了比赛的前五名，由廖洪舒、赵韬、杨大渲组成的队伍夺取桂冠。&nbsp;<br />\r\n	<br />\r\n	&nbsp;&nbsp;&nbsp;&nbsp; 西南交大、西南科大、西南民大、成都大学和成都七中等学校的代表队参加此次比赛。我校共派出18支队伍参赛。他们中既有刚接触ACM的大一新人，也有在区域赛和世界总决赛赛场上奋勇拼搏过的老将。&nbsp;</p>\r\n',1303319787,'2011-04-21',1,0,1,'','0',NULL),
	(5,4,'软件学院08级硕士第一支部学习十七大精神硕士第硕士第','<p>\r\n	<meta charset=\"utf-8\" /></p>\r\n<p>\r\n	<st1:chsdate day=\"20\" islunardate=\"False\" isrocdate=\"False\" month=\"11\" w:st=\"on\" year=\"2008\">11月20日</st1:chsdate>，软件学院08级硕士第一支部组织党员、预备党员、积极分子一起学习了十七大精神，就十七大报告中提到的&ldquo;新农村&rdquo;问题进行了讨论。<o:p></o:p></p>\r\n<p>\r\n	全部党小组成员都参加了此次的学习讨论活动，在活动中就&ldquo;新农村&rdquo;问题以及当前中国农村和城市的发展现状发表了自己看法，并一起讨论了作为一名党员，应该在新型农村的建设中起到怎样的先锋带头作用。<o:p></o:p></p>\r\n<p>\r\n	&nbsp;&nbsp;&nbsp;&nbsp;在讨论过程中，大家谈到了农村的医保问题、教育问题、户口问题、农民进城务工等等当前的热点问题，并思考了面对当前中国农村的现状，新农村政策在实施上的一些困难。交流中同学们更深刻地认识到党的十七大报告中对加强农村基层党组织建设作出新部署的重大意义，以及作为党员，其先锋性和先进性在加强精神文明建设、社会建设、以及提高农民素质，造就有文化、懂技术、会经营的新型农民等等方面的现实意义。</p>\r\n',1303319889,'2011-04-21',1,0,1,'','0',NULL),
	(6,5,'教育系统创先争优经验交流视频会议召开','<p>\r\n	<meta charset=\"utf-8\" /></p>\r\n<h2 style=\"padding-top: 0px; padding-right: 0px; padding-bottom: 0px; padding-left: 0px; margin-top: 25px; margin-right: 0px; margin-bottom: 10px; margin-left: 0px; text-align: center; color: rgb(85, 85, 85); font-size: 24px; \">\r\n	<span class=\"Apple-style-span\" style=\"color: rgb(51, 51, 51); font-family: Verdana, Arial, Helvetica, sans-serif; \">教育系统创先争优经验交流视频会议召开</span></h2>\r\n',1303320046,'2011-04-21',1,0,1,'','0',NULL),
	(7,5,'教育系统创先争优经验交流视频会议召开辅大发','<p>\r\n	<meta charset=\"utf-8\" /></p>\r\n<h2 style=\"padding-top: 0px; padding-right: 0px; padding-bottom: 0px; padding-left: 0px; margin-top: 25px; margin-right: 0px; margin-bottom: 10px; margin-left: 0px; text-align: center; color: rgb(85, 85, 85); font-size: 24px; \">\r\n	<span class=\"Apple-style-span\" style=\"color: rgb(51, 51, 51); font-family: Verdana, Arial, Helvetica, sans-serif; \">教育系统创先争优经验交流视频会议召开</span></h2>\r\n',1303320102,'2011-04-21',1,0,1,'','0',NULL),
	(8,5,'政管学院“读书健心活动”预告','<p>\r\n	<meta charset=\"utf-8\" /></p>\r\n<h2 style=\"padding-top: 0px; padding-right: 0px; padding-bottom: 0px; padding-left: 0px; margin-top: 25px; margin-right: 0px; margin-bottom: 10px; margin-left: 0px; text-align: center; color: rgb(85, 85, 85); font-size: 24px; \">\r\n	<span class=\"Apple-style-span\" style=\"color: rgb(51, 51, 51); font-family: Verdana, Arial, Helvetica, sans-serif; \">政管学院&ldquo;读书健心活动&rdquo;预告</span></h2>\r\n',1303320113,'2011-04-21',1,0,1,'','0',NULL),
	(9,5,'电工学院庆祝“建党九十周年”活动一览表','<p>\r\n	<meta charset=\"utf-8\" /></p>\r\n<h2 style=\"padding-top: 0px; padding-right: 0px; padding-bottom: 0px; padding-left: 0px; margin-top: 25px; margin-right: 0px; margin-bottom: 10px; margin-left: 0px; text-align: center; color: rgb(85, 85, 85); font-size: 24px; \">\r\n	<span class=\"Apple-style-span\" style=\"color: rgb(51, 51, 51); font-family: Verdana, Arial, Helvetica, sans-serif; \">电工学院庆祝&ldquo;建党九十周年&rdquo;活动一览表</span></h2>\r\n',1303320133,'2011-04-21',1,0,1,'','0',NULL),
	(10,5,'“5.25读书健心行动”之“人文讲座”活动通告','<p>\r\n	<meta charset=\"utf-8\" /></p>\r\n<h2 style=\"padding-top: 0px; padding-right: 0px; padding-bottom: 0px; padding-left: 0px; margin-top: 25px; margin-right: 0px; margin-bottom: 10px; margin-left: 0px; text-align: center; color: rgb(85, 85, 85); font-size: 24px; \">\r\n	<span class=\"Apple-style-span\" style=\"color: rgb(51, 51, 51); font-family: Verdana, Arial, Helvetica, sans-serif; \">&ldquo;5.25读书健心行动&rdquo;之&ldquo;人文讲座&rdquo;活动通告</span></h2>\r\n',1303320145,'2011-04-21',1,0,1,'','0',NULL),
	(11,5,'创伤心理治疗专家讲学通知','<p>\r\n	<meta charset=\"utf-8\" /></p>\r\n<h2 style=\"padding-top: 0px; padding-right: 0px; padding-bottom: 0px; padding-left: 0px; margin-top: 25px; margin-right: 0px; margin-bottom: 10px; margin-left: 0px; text-align: center; color: rgb(85, 85, 85); font-size: 24px; \">\r\n	<span class=\"Apple-style-span\" style=\"color: rgb(51, 51, 51); font-family: Verdana, Arial, Helvetica, sans-serif; \">创伤心理治疗专家讲学通知</span></h2>\r\n',1303320157,'2011-04-21',1,0,1,'','0',NULL),
	(12,5,'“华为杯”第九届EDA大赛通知','<p>\r\n	<meta charset=\"utf-8\" /></p>\r\n<h2 style=\"padding-top: 0px; padding-right: 0px; padding-bottom: 0px; padding-left: 0px; margin-top: 25px; margin-right: 0px; margin-bottom: 10px; margin-left: 0px; text-align: center; color: rgb(85, 85, 85); font-size: 24px; \">\r\n	<span class=\"Apple-style-span\" style=\"color: rgb(51, 51, 51); font-family: Verdana, Arial, Helvetica, sans-serif; \">&ldquo;华为杯&rdquo;第九届EDA大赛通知</span></h2>\r\n',1303320173,'2011-04-21',1,0,1,'','0',NULL),
	(13,5,'学校布置2011年本科招生工作','<p>\r\n	<meta charset=\"utf-8\" /></p>\r\n<h2 style=\"padding-top: 0px; padding-right: 0px; padding-bottom: 0px; padding-left: 0px; margin-top: 25px; margin-right: 0px; margin-bottom: 10px; margin-left: 0px; text-align: center; color: rgb(85, 85, 85); font-size: 24px; \">\r\n	<span class=\"Apple-style-span\" style=\"color: rgb(51, 51, 51); font-family: Verdana, Arial, Helvetica, sans-serif; \">学校布置2011年本科招生工作</span></h2>\r\n',1303320184,'2011-04-21',1,0,1,'','0',NULL),
	(14,5,'纳尔科全球副总裁叶莺来校讲学','<p>\r\n	<meta charset=\"utf-8\" /></p>\r\n<h2 style=\"padding-top: 0px; padding-right: 0px; padding-bottom: 0px; padding-left: 0px; margin-top: 25px; margin-right: 0px; margin-bottom: 10px; margin-left: 0px; text-align: center; color: rgb(85, 85, 85); font-size: 24px; \">\r\n	<span class=\"Apple-style-span\" style=\"color: rgb(51, 51, 51); font-family: Verdana, Arial, Helvetica, sans-serif; \">纳尔科全球副总裁叶莺来校讲学</span></h2>\r\n',1303320198,'2011-04-21',1,0,1,'','0',NULL),
	(15,5,'成电讲坛：《村上春树“孤独与鸡蛋”的人生》','<p>\r\n	<meta charset=\"utf-8\" /></p>\r\n<h2 style=\"padding-top: 0px; padding-right: 0px; padding-bottom: 0px; padding-left: 0px; margin-top: 25px; margin-right: 0px; margin-bottom: 10px; margin-left: 0px; text-align: center; color: rgb(85, 85, 85); font-size: 24px; \">\r\n	<span class=\"Apple-style-span\" style=\"color: rgb(51, 51, 51); font-family: Verdana, Arial, Helvetica, sans-serif; \">成电讲坛：《村上春树&ldquo;孤独与鸡蛋&rdquo;的人生》</span></h2>\r\n',1303320214,'2011-04-21',1,0,1,'','0',NULL),
	(16,5,'机器人与机械创新设计主题馆落成','<p>\r\n	<meta charset=\"utf-8\" /></p>\r\n<p>\r\n	&nbsp;&nbsp; &nbsp; 近日，机器人与机械创新设计主题宣传馆在图书馆347房间落成。主题馆融知识性、文化性、艺术性为一体，通过丰富的图片资料介绍了机器人队及机械创新团队所取得的突破性的成绩。</p>\r\n<p>\r\n	&nbsp;&nbsp;&nbsp;&nbsp;&nbsp;&nbsp;&nbsp;&nbsp;&nbsp;&nbsp;&nbsp;&nbsp;&nbsp;&nbsp;&nbsp;&nbsp;&nbsp;&nbsp;&nbsp;&nbsp;&nbsp;&nbsp;&nbsp;<img alt=\"\" src=\"http://www.news.uestc.edu.cn/Data/Image/110413/jiqiren_0001.JPG\" vspace=\"8\" /></p>\r\n<p>\r\n	&nbsp;&nbsp;&nbsp;&nbsp;&nbsp;&nbsp;&nbsp;&nbsp;&nbsp;&nbsp;&nbsp;&nbsp;&nbsp;&nbsp;&nbsp;&nbsp;&nbsp;&nbsp;&nbsp;&nbsp;&nbsp;&nbsp;&nbsp;<img alt=\"\" src=\"http://www.news.uestc.edu.cn/Data/Image/110413/jiqiren_0002.JPG\" vspace=\"8\" /></p>\r\n<p>\r\n	&nbsp;&nbsp;&nbsp;&nbsp; 主题馆重点展示了机器人队自2002年建队以来的发展史，通过对机器人队历年科创生活的描述和节节攀升的成果展示，彰显了机电学子坚持不解、踏实奋进、勤于实践、勇于创新的科研精神。主题馆同时展出了机械创新设计团队首次代表电子科技大学参加全国大学生机械创新设计大赛所取得的丰硕成果，诠释了机械创新设计团队的创新精神以及对学校的责任意识。欢迎各位老师、同学参观机器人与机械创新设计主题馆。&nbsp;</p>\r\n',1303320241,'2011-04-21',1,0,1,'','0',NULL),
	(17,5,'机电学院10级党支部缅怀革命先烈','<p>\r\n	<img src=\"public/2011/04/04_21_22_39_00_9223.jpg\" /></p>\r\n',1303320277,'2011-04-21',1,0,1,'','0','public/2011/04/04_21_22_39_00_9223.jpg'),
	(25,19,'组图1','<p>\r\n	<img src=\"public/2011/04/04_21_22_39_00_9223.jpg\" /></p>\r\n<p>\r\n	<img src=\"public/2011/04/04_21_21_42_00_7880.jpg\" /></p>\r\n',1303444269,'2011-04-22',1,0,1,'','1','public/2011/04/04_21_22_39_00_9223.jpg'),
	(26,19,'组图2','<p>\r\n	<img src=\"public/2011/04/04_22_11_51_32_7742.jpeg\" /></p>\r\n<p>\r\n	<img src=\"public/2011/04/04_22_11_51_43_3006.jpg\" /></p>\r\n',1303444306,'2011-04-22',1,0,1,'','1','public/2011/04/04_22_11_51_32_7742.jpeg'),
	(18,6,'机电学院10级党支部缅怀革命先烈','<p>\r\n	<meta charset=\"utf-8\" /></p>\r\n<p>\r\n	&nbsp;&nbsp; 4月5日下午，机电学院10级党支部成员们来到郫县烈士陵园，祭扫先烈陵墓，继承英灵遗志。</p>\r\n<p style=\"text-align: center; \">\r\n	&nbsp;&nbsp;&nbsp;&nbsp;&nbsp;&nbsp;&nbsp;&nbsp;&nbsp;&nbsp;&nbsp;&nbsp;&nbsp;&nbsp;&nbsp;&nbsp;&nbsp;&nbsp;&nbsp;&nbsp;&nbsp;&nbsp;&nbsp;&nbsp;&nbsp;&nbsp;&nbsp;&nbsp;&nbsp;&nbsp;&nbsp;&nbsp;&nbsp;<img alt=\"\" src=\"http://www.news.uestc.edu.cn/Data/Image/110406/jidiansaomu.jpg\" vspace=\"8\" /></p>\r\n<p>\r\n	&nbsp;&nbsp;&nbsp; 支部成员们向烈士们敬献了花圈。每位党员手捧洁白的菊花，依次将菊花放在革命烈士纪念碑前，并深深鞠躬。一支支菊花，寄托的是对先烈们的哀思之情。党支部所有成员聚集在党旗下，在支部负责人刘健同志的带领下，重温入党誓词，将党员义务牢牢记在心中。党支部成员还打扫了墓地，将散落在烈士墓前的垃圾捡起来，保持陵园内的整洁。</p>\r\n<p>\r\n	&nbsp;&nbsp;&nbsp; 支部同学表示，通过此次扫墓活动，重温那段艰苦的岁月，真正认识到了烈士们的伟大，更坚定了成为一名优秀党员的决心。自己要向先烈们学习，全心全意为人民服务，绝不辜负党和人民的期望。</p>\r\n',1303320454,'2011-04-21',1,0,1,'','0',NULL),
	(19,7,'杨晓波副校长一行赴广东学习调研','<p>\r\n	sdfasdflkajsdfasldfjaso</p>\r\n',1303320573,'2011-04-21',1,0,1,'','0',NULL),
	(20,9,'计算机学院软件与理论系党支部发布“探索1+1”学生创新项目','<p>\r\n	<meta charset=\"utf-8\" /></p>\r\n<div>\r\n	&nbsp;&nbsp; &nbsp;为积极响应党中央提出的深入开展&ldquo;创建先进基层党组织、争当优秀共产党员&rdquo;活动，营造出&ldquo;学习先进、争当先进、赶超先进&rdquo;的良好风气，计算机学院软件与理论系党支部把创先争优活动与学习实践活动紧密结合起来，率先面向计算机学院和软件学院本科学生发布 &ldquo;探索1+1&rdquo;学生创新项目。针对此次创先争优的创举，学生记者深入对话了软件系党支部书记、此次活动的发起人和负责人段翰聪老师。</div>\r\n<div>\r\n	&nbsp;</div>\r\n<div>\r\n	活动目标：学生与老师共同创先争优</div>\r\n<div>\r\n	&nbsp;&nbsp;&nbsp; 由软件技术系党支部开展的此次&ldquo;探索1+1&rdquo;学生创新项目主要通过老师指导学生团队完成课题项目的形式，让学生实现从单纯理论的学习到&ldquo;应用型学习&rdquo;的转变；同时，老师们也在指导不同项目的过程中相互交流人才培养经验，更加全面分析学生现状，为更广大同学提供针对性的指导。</div>\r\n<div>\r\n	&nbsp;&nbsp;&nbsp; 为了能让学生能够体会到实际项目实施中的每项细节，同时接受更系统的辅导，软件系的老师们根据自己的研究方向和科研需求，提炼出了31个极具应用性和探索性的项目，每个项目均分配了专门的指导老师，以便对选题团队进行极具前瞻性、系统性地指导。除了已经发布的项目明细，此次活动还非常鼓励学生自主命题，针对自己感兴趣的领域，提出建设性的想法，并有相关方面基础作保证，此次活动的组织老师们也非常乐意帮助自主命题的团队找到合适的指导老师。</div>\r\n<div>\r\n	&nbsp;&nbsp;&nbsp; 众多的项目数量、丰富的项目内容、规范的项目指导&hellip;&hellip;都使此次学生创新项目能够满足更多同学对提升工程能力的渴望，增进老师与学生间的交互。</div>\r\n<div>\r\n	培养模式：&ldquo;1+1&rdquo;的探索式学习</div>\r\n<div>\r\n	&nbsp;&nbsp;&nbsp;&nbsp;&ldquo;探索1+1&rdquo;项目中的所谓&ldquo;1+1&rdquo;是指每个</div>\r\n',1303320639,'2011-04-21',1,0,1,'','0',NULL),
	(21,14,'关于举办“微软高性能计算校园编程大赛”的通知','<p>\r\n	<meta charset=\"utf-8\" /></p>\r\n<h2 style=\"padding-top: 0px; padding-right: 0px; padding-bottom: 0px; padding-left: 0px; margin-top: 25px; margin-right: 0px; margin-bottom: 10px; margin-left: 0px; text-align: center; color: rgb(85, 85, 85); font-size: 24px; \">\r\n	<span class=\"Apple-style-span\" style=\"color: rgb(51, 51, 51); font-family: Verdana, Arial, Helvetica, sans-serif; \">关于举办&ldquo;微软高性能计算校园编程大赛&rdquo;的通知</span></h2>\r\n',1303320929,'2011-04-21',1,0,1,'','0',NULL),
	(22,11,'关于什么的资料','<p>\r\n	<br />\r\n	附件:<a href=\"public/2011/04/04_21_01_53_36_4979.pdf\">HTTP协议(RFC2616)中文版.pdf</a></p>\r\n<p>\r\n	<br />\r\n	附件:<a href=\"public/2011/04/04_21_01_54_17_5232.doc\">毕业设计（论文）初期检查表.doc</a></p>\r\n',1303321853,'2011-04-21',1,0,1,'','0',''),
	(23,3,'测试图片','<p>\r\n	<img src=\"public/2011/04/04_20_21_35_02_6487.jpeg\" /></p>\r\n<p>\r\n	哈哈哈啊。。。林堃啊</p>\r\n<p>\r\n	&nbsp;</p>\r\n<p>\r\n	<img src=\"public/2011/04/04_21_21_42_00_7880.jpg\" /></p>\r\n<p>\r\n	不错啊。</p>\r\n<p>\r\n	&nbsp;</p>\r\n<p>\r\n	<img src=\"public/2011/04/04_21_22_38_31_1399.jpg\" /></p>\r\n<p>\r\n	&nbsp;</p>\r\n<p>\r\n	fdsa fdsa fads fad faaf&nbsp;</p>\r\n<p>\r\n	<img src=\"public/2011/04/04_21_22_38_50_7994.jpg\" /></p>\r\n<p>\r\n	很好啊发辅大发啊</p>\r\n<p>\r\n	<img src=\"public/2011/04/04_21_22_39_00_9223.jpg\" /></p>\r\n<p>\r\n	哈哈哈。不错啊。</p>\r\n',1303393109,'2011-04-21',1,0,1,'','1','public/2011/04/04_20_21_35_02_6487.jpeg'),
	(24,8,'哈哈哈','<p>\r\n	<img src=\"public/2011/04/04_22_11_19_38_7491.jpg\" /></p>\r\n',1303442381,'2011-04-22',1,0,1,'','0','public/2011/04/04_22_11_19_38_7491.jpg'),
	(27,11,'毕业生的资料下载','<p>\r\n	<br />\r\n	附件:<a href=\"public/2011/04/04_22_16_00_12_2287.pdf\">HTTP协议(RFC2616)中文版.pdf</a></p>\r\n',1303459214,'2011-04-22',1,0,1,'','0','');

/*!40000 ALTER TABLE `end_article` ENABLE KEYS */;
UNLOCK TABLES;


# Dump of table end_category
# ------------------------------------------------------------

DROP TABLE IF EXISTS `end_category`;

CREATE TABLE `end_category` (
  `category_id` int(10) unsigned NOT NULL auto_increment,
  `parent_id` int(10) unsigned NOT NULL default '0',
  `name` varchar(250) collate utf8_unicode_ci NOT NULL,
  `description` varchar(250) collate utf8_unicode_ci default NULL,
  `keywords` varchar(250) collate utf8_unicode_ci default NULL,
  `order_id` int(11) NOT NULL default '0',
  `status` varchar(20) collate utf8_unicode_ci NOT NULL default '1',
  `update_time` int(11) unsigned NOT NULL,
  `create_time` int(11) unsigned NOT NULL,
  `url` varchar(200) collate utf8_unicode_ci NOT NULL,
  `content` text collate utf8_unicode_ci NOT NULL,
  `target` varchar(20) collate utf8_unicode_ci NOT NULL COMMENT 'link',
  `page_title` varchar(250) collate utf8_unicode_ci NOT NULL,
  `alias` varchar(200) collate utf8_unicode_ci NOT NULL default '',
  `system` enum('yes','no') collate utf8_unicode_ci NOT NULL default 'no',
  `item_count` int(11) NOT NULL,
  `image` varchar(200) collate utf8_unicode_ci default '',
  UNIQUE KEY `category_id` (`category_id`),
  KEY `url` (`url`)
) ENGINE=MyISAM AUTO_INCREMENT=21 DEFAULT CHARSET=utf8 COLLATE=utf8_unicode_ci;

LOCK TABLES `end_category` WRITE;
/*!40000 ALTER TABLE `end_category` DISABLE KEYS */;
INSERT INTO `end_category` (`category_id`,`parent_id`,`name`,`description`,`keywords`,`order_id`,`status`,`update_time`,`create_time`,`url`,`content`,`target`,`page_title`,`alias`,`system`,`item_count`,`image`)
VALUES
	(1,0,'前台栏目','',NULL,5,'folder',1303391501,1303304983,'navigations','','','','','yes',0,''),
	(9,1,'人才招聘','','',0,'article_list',1303314785,1303314512,'zhaopin','','','','','no',0,''),
	(2,1,'关于电科院',NULL,NULL,0,'page',1303305767,1303305010,'about','<p>\r\n	关于电科院</p>\r\n','','关于电科院','','no',0,''),
	(3,1,'新闻中心','电科院新闻中心','新闻,电科院',0,'article_list',1303305764,1303305738,'news','','','','','no',0,''),
	(4,1,'党建工作','','',0,'article_list',1303317465,1303313301,'dangjian','','','','','no',0,''),
	(8,3,'二级分类1','','',0,'article_list',1303313991,1303313976,'二级分类1','','','','','no',0,''),
	(5,1,'科学研究','','',0,'article_list',1303314777,1303313320,'kexue','','','','','no',0,''),
	(6,1,'人才培养','','',0,'article_list',1303320414,1303313334,'peiyang','','','','','no',0,''),
	(7,1,'招生就业','','',0,'article_list',1303314783,1303313351,'zhaosheng','','','','','no',0,''),
	(10,1,'师资队伍','','',0,'article_list',1303314787,1303314534,'shizi','','','','','no',0,''),
	(11,1,'资料下载','','',0,'article_list',1303314790,1303314548,'downloads','','','','','no',0,''),
	(13,2,'历史',NULL,NULL,0,'page',1303315527,1303315508,'历史','<p>\r\n	<meta charset=\"utf-8\" /></p>\r\n<div style=\"font-family: Arial, Verdana, sans-serif; font-size: 12px; color: rgb(34, 34, 34); background-color: rgb(255, 255, 255); \">\r\n	<p>\r\n		<meta charset=\"utf-8\" /></p>\r\n	<div style=\"font-family: Arial, Verdana, sans-serif; font-size: 12px; color: rgb(34, 34, 34); background-color: rgb(255, 255, 255); \">\r\n		<p>\r\n			&nbsp;</p>\r\n		<div style=\"font-family: Arial, Verdana, sans-serif; font-size: 12px; color: rgb(34, 34, 34); background-color: rgb(255, 255, 255); \">\r\n			<p>\r\n				电科院历史电科院历史电科院历史电科院历史电科院历史电科院历史电科院历史电科院历史电科院历史电科院历史电科院历史电科院历史电科院历史电科院历史电科院历史电科院历史电科院历史电科院历史电科院历史电科院历史电科院历史电科院历史电科院历史电科院历史电科院历史电科院历史电科院历史电科院历史电科院历史电科院历史电科院历史电科院历史电科院历史电科院历史电科院历史电科院历史电科院历史电科院历史电科院历史电科院历史电科院历史电科院历史电科院历史电科院历史电科院历史电科院历史电科院历史电科院历史电科院历史电科院历史电科院历史电科院历史电科院历史电科院历史电科院历史电科院历史</p>\r\n			<meta charset=\"utf-8\" />\r\n			<div style=\"font-family: Arial, Verdana, sans-serif; font-size: 12px; color: rgb(34, 34, 34); background-color: rgb(255, 255, 255); \">\r\n				<p>\r\n					&nbsp;</p>\r\n				<p>\r\n					&nbsp;</p>\r\n			</div>\r\n			<meta charset=\"utf-8\" />\r\n			<div style=\"font-family: Arial, Verdana, sans-serif; font-size: 12px; color: rgb(34, 34, 34); background-color: rgb(255, 255, 255); \">\r\n				<p>\r\n					&nbsp;</p>\r\n				<p>\r\n					&nbsp;</p>\r\n			</div>\r\n			<meta charset=\"utf-8\" />\r\n			<div style=\"font-family: Arial, Verdana, sans-serif; font-size: 12px; color: rgb(34, 34, 34); background-color: rgb(255, 255, 255); \">\r\n				<p>\r\n					&nbsp;</p>\r\n				<p>\r\n					&nbsp;</p>\r\n			</div>\r\n			<meta charset=\"utf-8\" />\r\n			<div style=\"font-family: Arial, Verdana, sans-serif; font-size: 12px; color: rgb(34, 34, 34); background-color: rgb(255, 255, 255); \">\r\n				<p>\r\n					&nbsp;</p>\r\n				<p>\r\n					&nbsp;</p>\r\n			</div>\r\n			<meta charset=\"utf-8\" />\r\n			<div style=\"font-family: Arial, Verdana, sans-serif; font-size: 12px; color: rgb(34, 34, 34); background-color: rgb(255, 255, 255); \">\r\n				<p>\r\n					&nbsp;</p>\r\n				<p>\r\n					&nbsp;</p>\r\n			</div>\r\n			<meta charset=\"utf-8\" />\r\n			<div style=\"font-family: Arial, Verdana, sans-serif; font-size: 12px; color: rgb(34, 34, 34); background-color: rgb(255, 255, 255); \">\r\n				<p>\r\n					&nbsp;</p>\r\n				<p>\r\n					&nbsp;</p>\r\n			</div>\r\n			<meta charset=\"utf-8\" />\r\n			<div style=\"font-family: Arial, Verdana, sans-serif; font-size: 12px; color: rgb(34, 34, 34); background-color: rgb(255, 255, 255); \">\r\n				<p>\r\n					&nbsp;</p>\r\n				<p>\r\n					&nbsp;</p>\r\n			</div>\r\n		</div>\r\n		<p>\r\n			&nbsp;</p>\r\n	</div>\r\n	<meta charset=\"utf-8\" /><meta charset=\"utf-8\" /><meta charset=\"utf-8\" /><meta charset=\"utf-8\" /><meta charset=\"utf-8\" /><meta charset=\"utf-8\" /></div>\r\n','','电科院历史','','no',0,''),
	(12,1,'首页','',NULL,1,'link',1303392015,1303314570,'./','','_self','','','yes',0,''),
	(14,0,'通知公告','','',2,'article_list',1303391504,1303320896,'gonggao','','','','','yes',0,''),
	(15,0,'网站底部',NULL,NULL,0,'fragment',1303391978,1303321377,'copyright','<p style=\"text-align: center; \">\r\n	联系电话：83201762 &nbsp; 地址：成都市高新区（西区）西源大道2006号研究院大楼</p>\r\n<p style=\"text-align: center; \">\r\n	Copyright 2011@电子科技大学 版权所有 蜀ICP备08002282号</p>\r\n','','','','no',0,''),
	(18,0,'信箱留言内容',NULL,NULL,1,'contact_list',1303391519,1303390942,'信箱留言内容','','','','','yes',0,''),
	(17,0,'院长信箱页面',NULL,NULL,-1,'page',1303391976,1303388640,'contact','<script src=\"js/jquery.tools.min.js\"></script><script type=\"text/javascript\">\r\n\r\n//去左空格; \r\nfunction ltrim(s){ \r\nreturn s.replace( /^\\s*/, \"\"); \r\n} \r\n\r\n//去右空格; \r\nfunction rtrim(s){ \r\nreturn s.replace( /\\s*$/, \"\"); \r\n} \r\n\r\nfunction trim(s){ \r\nreturn rtrim(ltrim(s)); \r\n}\r\n\r\nfunction check(form){\r\n	var contactName = document.getElementById(\"contactName\").value;\r\n	var contactEmail = document.getElementById(\"contactEmail\").value;\r\n	var message =  document.getElementById(\"message\").value; \r\n\r\n	var email = trim(form.contactEmail.value);\r\n	if (0)//email==\"\")\r\n        {\r\n		alert(\"请输入您的联系邮箱\");\r\n		form.contactEmail.focus();\r\n		return (false);\r\n	}\r\n		\r\n	var pattern = /^([a-zA-Z0-9_\\-\\.\\+])+@([a-zA-Z0-9_-])+(\\.[a-zA-Z0-9_-])+/;\r\n	chkFlag = pattern.test(email);\r\n	if(email != \'\' && !chkFlag){\r\n		alert(\"邮箱地址的格式不正确！\");\r\n		form.contactEmail.focus();\r\n		return false;\r\n	}\r\n\r\n	if (trim(message)==\"\"){\r\n		alert(\"请输入您的留言内容\");\r\n		form.message.focus();\r\n		return (false);\r\n	}\r\n\r\n	var data = { name:contactName,email:contactEmail,content:message,phone:$(\'#phone\').val() };\r\n	$.post(\'?contact\',data,function(s)\r\n	{\r\n		if (s == \'ok\')\r\n		{\r\n			alert(\'提交成功!\');\r\n			window.location = \'./\';\r\n		}\r\n		else\r\n		{\r\n			alert(s);\r\n		}\r\n	});\r\n	return false;\r\n}\r\n</script>\r\n<p>\r\n	注：带<span class=\"require\">*</span>号为必填项。</p>\r\n<p>\r\n	&nbsp;</p>\r\n<form id=\"contact\" method=\"post\" onsubmit=\"return check(this)\">\r\n	<table border=\"0\">\r\n		<tbody>\r\n			<tr>\r\n				<td>\r\n					您的姓名：</td>\r\n				<td>\r\n					<input id=\"contactName\" name=\"contactName\" type=\"text\" /></td>\r\n			</tr>\r\n			<tr>\r\n				<td>\r\n					您的邮箱：</td>\r\n				<td>\r\n					<input id=\"contactEmail\" name=\"contactEmail\" type=\"text\" /></td>\r\n			</tr>\r\n			<tr>\r\n				<td>\r\n					您的电话：</td>\r\n				<td>\r\n					<input id=\"phone\" name=\"fdsafdas\" type=\"text\" /></td>\r\n			</tr>\r\n			<tr>\r\n				<td>\r\n					留言内容：<span style=\"color:red\">*</span></td>\r\n				<td>\r\n					<textarea cols=\"45\" id=\"message\" name=\"message\" rows=\"5\"></textarea></td>\r\n			</tr>\r\n		</tbody>\r\n	</table>\r\n	<p style=\"padding-left:10px; padding-top: 20px;\">\r\n		<input name=\"submit\" type=\"submit\" value=\"提交\" /> <input name=\"reset\" type=\"reset\" value=\"重填\" /></p>\r\n</form>\r\n','','院长信箱','','yes',0,''),
	(19,3,'组图','','',0,'article_list',1303444243,1303444242,'组图','','','','','no',0,''),
	(20,0,'首页滚动图片新闻',NULL,NULL,0,'slideshow_list',1303446119,1303445569,'indexslides','','','','','no',0,'');

/*!40000 ALTER TABLE `end_category` ENABLE KEYS */;
UNLOCK TABLES;


# Dump of table end_config
# ------------------------------------------------------------

DROP TABLE IF EXISTS `end_config`;

CREATE TABLE `end_config` (
  `config_id` int(11) unsigned NOT NULL auto_increment,
  `category_id` int(11) NOT NULL,
  `name` varchar(50) collate utf8_unicode_ci NOT NULL default '',
  `value` text collate utf8_unicode_ci NOT NULL,
  `updated_at` timestamp NOT NULL default CURRENT_TIMESTAMP on update CURRENT_TIMESTAMP,
  `type` varchar(20) collate utf8_unicode_ci NOT NULL,
  `description` varchar(200) collate utf8_unicode_ci NOT NULL,
  `order_id` int(11) NOT NULL default '0',
  PRIMARY KEY  (`config_id`)
) ENGINE=MyISAM AUTO_INCREMENT=17 DEFAULT CHARSET=utf8 COLLATE=utf8_unicode_ci COMMENT='admin settings';

LOCK TABLES `end_config` WRITE;
/*!40000 ALTER TABLE `end_config` DISABLE KEYS */;
INSERT INTO `end_config` (`config_id`,`category_id`,`name`,`value`,`updated_at`,`type`,`description`,`order_id`)
VALUES
	(2,6,'site_name','Phone&nbsp;Accessories','2010-08-17 14:37:44','text','Site Name',10),
	(4,6,'upload_file_types','Images:&nbsp;&nbsp;&nbsp;*.jpg;&nbsp;*.png;*.jpeg;*.gif;<br>Documents:&nbsp;*.doc;*.docx;*.xls;*.ppt;<br>Archieves:&nbsp;*.rar;*.zip;*.7z;','2010-08-17 14:38:43','textarea','Upload file types',0),
	(8,6,'max_image_width','600','2010-08-17 16:14:05','','Uploaded Image will be resize to this width',0),
	(9,6,'index_description','Phone&nbsp;Accessories&nbsp;Online&nbsp;Store','2010-08-17 16:58:43','','Index Description (SEO)',0),
	(10,6,'index_keywords','Phone&nbsp;Accessories','2010-08-17 16:59:04','','Index Keywords (SEO)',0),
	(11,6,'index_title','Phone&nbsp;Accessories&nbsp;online&nbsp;shop','2010-08-17 17:04:21','','Index Title (SEO) ',0),
	(12,6,'reg_email','Dear&nbsp;value&nbsp;customer&nbsp;<br><br>Thank&nbsp;you&nbsp;for&nbsp;signing&nbsp;up&nbsp;{http_host}&nbsp;account.&nbsp;We&nbsp;are&nbsp;reviewing&nbsp;your&nbsp;<br>application&nbsp;and&nbsp;our&nbsp;representative&nbsp;will&nbsp;contact&nbsp;you&nbsp;shortly.&nbsp;By&nbsp;creating&nbsp;<br>an&nbsp;account&nbsp;at&nbsp;{http_host}&nbsp;will&nbsp;be&nbsp;able&nbsp;to&nbsp;shop&nbsp;faster,&nbsp;be&nbsp;up&nbsp;to&nbsp;date&nbsp;on&nbsp;an&nbsp;<br>orders&nbsp;status,&nbsp;and&nbsp;keep&nbsp;track&nbsp;of&nbsp;the&nbsp;orders&nbsp;you&nbsp;have&nbsp;previously&nbsp;made.&nbsp;<br><br>Your&nbsp;login&nbsp;id&nbsp;is&nbsp;{user_email}.<br>Password:&nbsp;The&nbsp;one&nbsp;when&nbsp;you&nbsp;created&nbsp;account.&nbsp;<br><br>Regard<br>{http_host}&nbsp;Group','2010-08-19 22:35:15','','Register Email',0),
	(13,6,'copyright','gobilecity&nbsp;(c)&nbsp;all&nbsp;rgihts&nbsp;are&nbsp;reserved','2010-08-19 22:13:24','','Copyright information',0),
	(14,6,'slideshow_interval','4000','2010-08-19 22:28:19','','Slideshow Interval (ms)',0),
	(16,6,'payment_method','paypal,credit&nbsp;card,xxx,aaa','2010-08-24 01:48:00','','Payment Methods(seperated with comma)',0);

/*!40000 ALTER TABLE `end_config` ENABLE KEYS */;
UNLOCK TABLES;


# Dump of table end_contact
# ------------------------------------------------------------

DROP TABLE IF EXISTS `end_contact`;

CREATE TABLE `end_contact` (
  `contact_id` int(11) NOT NULL auto_increment,
  `name` varchar(200) default NULL,
  `email` varchar(100) default NULL,
  `content` text,
  `phone` varchar(20) default NULL,
  `create_time` timestamp NOT NULL default '2011-01-01 00:00:00' on update CURRENT_TIMESTAMP,
  PRIMARY KEY  (`contact_id`)
) ENGINE=MyISAM AUTO_INCREMENT=9 DEFAULT CHARSET=utf8;



# Dump of table end_coupon
# ------------------------------------------------------------

DROP TABLE IF EXISTS `end_coupon`;

CREATE TABLE `end_coupon` (
  `coupon_id` int(11) NOT NULL auto_increment,
  `name` varchar(250) NOT NULL default '',
  `description` varchar(250) NOT NULL default '',
  `from_time` int(11) unsigned NOT NULL default '0',
  `to_time` int(11) unsigned NOT NULL default '0',
  `count` int(10) unsigned NOT NULL default '0',
  `price` varchar(200) NOT NULL default '0',
  `status` tinyint(4) NOT NULL default '0',
  `start_price` float NOT NULL default '0',
  PRIMARY KEY  (`coupon_id`)
) ENGINE=MyISAM AUTO_INCREMENT=5 DEFAULT CHARSET=utf8;

LOCK TABLES `end_coupon` WRITE;
/*!40000 ALTER TABLE `end_coupon` DISABLE KEYS */;
INSERT INTO `end_coupon` (`coupon_id`,`name`,`description`,`from_time`,`to_time`,`count`,`price`,`status`,`start_price`)
VALUES
	(1,'NOSHIPPING','free shippment',1282207814,1313743814,998,'{shipping}',0,200),
	(2,'ONE_PERCENT_OFF','1% off',1282207980,1313743980,10000,'0.01*{total}',0,100),
	(3,'10','$10 off',1282210143,1284888543,100,'10',0,0);

/*!40000 ALTER TABLE `end_coupon` ENABLE KEYS */;
UNLOCK TABLES;


# Dump of table end_link
# ------------------------------------------------------------

DROP TABLE IF EXISTS `end_link`;

CREATE TABLE `end_link` (
  `link_id` int(11) NOT NULL auto_increment,
  `name` varchar(200) NOT NULL default '',
  `url` varchar(300) NOT NULL default '',
  `target` varchar(10) NOT NULL default '_self',
  `order_id` int(11) NOT NULL default '0',
  `category_id` int(11) NOT NULL default '0',
  PRIMARY KEY  (`link_id`)
) ENGINE=MyISAM DEFAULT CHARSET=utf8;



# Dump of table end_log
# ------------------------------------------------------------

DROP TABLE IF EXISTS `end_log`;

CREATE TABLE `end_log` (
  `log_id` int(10) unsigned NOT NULL auto_increment,
  `admin_id` int(10) unsigned NOT NULL,
  `controller` varchar(100) character set utf8 collate utf8_unicode_ci NOT NULL,
  `url` varchar(200) character set utf8 collate utf8_unicode_ci NOT NULL,
  `menu` tinyint(4) NOT NULL,
  `time` int(11) NOT NULL default '0',
  `info` varchar(200) character set utf8 collate utf8_unicode_ci NOT NULL,
  PRIMARY KEY  (`log_id`),
  KEY `admin_id` (`admin_id`)
) ENGINE=MyISAM AUTO_INCREMENT=798 DEFAULT CHARSET=latin1;

LOCK TABLES `end_log` WRITE;
/*!40000 ALTER TABLE `end_log` DISABLE KEYS */;
INSERT INTO `end_log` (`log_id`,`admin_id`,`controller`,`url`,`menu`,`time`,`info`)
VALUES
	(1,36,'category','admin.php?p=category',1,1303305727,' 栏目管理'),
	(2,36,'category','/elance/school/admin.php?p=category&action=ajax_get',0,1303305727,''),
	(3,36,'category','/elance/school/admin.php?m=new_category&p=category&category_id=0',0,1303305738,''),
	(4,36,'category','/elance/school/admin.php?p=category&action=edit_category&category_id=3',0,1303305738,''),
	(5,36,'category','/elance/school/admin.php?m=edit_category&p=category&category_id=3',0,1303305754,''),
	(6,36,'category','admin.php?p=category',1,1303305755,' 栏目管理'),
	(7,36,'category','/elance/school/admin.php?p=category&action=ajax_get',0,1303305755,''),
	(8,36,'category','/elance/school/admin.php?p=category&action=ajax_get&category_id=1&depth=1',0,1303305757,''),
	(9,36,'category','/elance/school/admin.php?p=category&action=ajax_get&category_id=3&depth=2',0,1303305758,''),
	(10,36,'category','/elance/school/admin.php?p=category&action=ajax_get&category_id=2&depth=2',0,1303305759,''),
	(11,36,'ajax','/elance/school/admin.php?p=ajax&m=update&table=category&column=url&id=3',0,1303305764,''),
	(12,36,'ajax','/elance/school/admin.php?p=ajax&m=update&table=category&column=url&id=2',0,1303305767,''),
	(13,36,'item','/elance/school/admin.php?p=item',0,1303305771,''),
	(14,36,'item','/elance/school/admin.php?p=item&category_id=3',0,1303305774,''),
	(15,36,'item','/elance/school/admin.php?p=item&category_id=3',0,1303305871,''),
	(16,36,'item','/elance/school/admin.php?p=item',0,1303305873,''),
	(17,36,'admin','admin.php?p=admin',1,1303305875,' 管理员'),
	(18,36,'rights','admin.php?p=rights',1,1303305877,'角色/权限'),
	(19,36,'ajax','/elance/school/admin.php?p=ajax&m=update&table=rights&column=name&id=1',0,1303305883,''),
	(20,36,'ajax','/elance/school/admin.php?p=ajax&m=update&table=rights&column=description&id=1',0,1303305888,''),
	(21,36,'rights','admin.php?p=rights',1,1303305890,'角色/权限'),
	(22,36,'rights','admin.php?p=rights',1,1303306015,'角色/权限'),
	(23,36,'rights','/elance/school/admin.php?p=rights&rights_id=1',0,1303306050,''),
	(24,36,'rights','/elance/school/admin.php?p=rights&rights_id=1',0,1303306052,''),
	(25,36,'rights','/elance/school/admin.php?p=rights&rights_id=1',0,1303306053,''),
	(26,36,'rights','/elance/school/admin.php?p=rights&rights_id=1',0,1303306059,''),
	(27,36,'rights','/elance/school/admin.php?p=rights&rights_id=1',0,1303306067,''),
	(28,36,'rights','/elance/school/admin.php?p=rights&rights_id=1',0,1303306178,''),
	(29,36,'rights','/elance/school/admin.php?p=rights&rights_id=1',0,1303306194,''),
	(30,36,'rights','admin.php?p=rights',1,1303306200,'角色/权限'),
	(31,36,'rights','admin.php?p=rights',1,1303306269,'角色/权限'),
	(32,36,'rights','admin.php?p=rights',1,1303306332,'角色/权限'),
	(33,36,'rights','admin.php?p=rights',1,1303306372,'角色/权限'),
	(34,36,'rights','admin.php?p=rights',1,1303306378,'角色/权限'),
	(35,36,'rights','admin.php?p=rights',1,1303306389,'角色/权限'),
	(36,36,'rights','admin.php?p=rights',1,1303306404,'角色/权限'),
	(37,36,'rights','admin.php?p=rights',1,1303306445,'角色/权限'),
	(38,36,'rights','/elance/school/admin.php?p=rights&m=config&rights_id=1',0,1303306450,''),
	(39,36,'rights','admin.php?p=rights',1,1303306452,'角色/权限'),
	(40,36,'item','/elance/school/admin.php?p=item',0,1303306454,''),
	(41,36,'item','admin.php?p=item&category_id=3',1,1303306456,' 内容管理&gt;新闻中心'),
	(42,36,'item','admin.php?p=item&category_id=3',1,1303306478,' 内容管理&gt;新闻中心'),
	(43,36,'item','/elance/school/admin.php?p=item&action=new_item&category_id=3',0,1303306480,''),
	(44,36,'upload','/elance/school/admin.php?p=upload&for=%3C?php%20echo%20$name;?%3E',0,1303306480,''),
	(45,36,'upload','/elance/school/admin.php?p=upload&m=upload&for=%3C?php%20echo%20$name;?%3E',0,1303306502,''),
	(46,36,'item','/elance/school/admin.php?p=item&action=new_item&category_id=3',0,1303306567,''),
	(47,36,'upload','/elance/school/admin.php?p=upload&for=content',0,1303306567,''),
	(48,36,'item','/elance/school/admin.php?m=new_item&p=item&category_id=3',0,1303306586,''),
	(49,36,'item','admin.php?p=item&category_id=3',1,1303306587,' 内容管理&gt;新闻中心'),
	(50,36,'config','/elance/school/admin.php?p=config',0,1303306792,''),
	(51,36,'ajax','/elance/school/admin.php?p=ajax&m=update&table=config&column=value&id=1',0,1303306803,''),
	(52,36,'item','/elance/school/admin.php?p=item',0,1303306805,''),
	(53,36,'category','admin.php?p=category',1,1303306806,' 栏目管理'),
	(54,36,'category','/elance/school/admin.php?p=category&action=ajax_get',0,1303306806,''),
	(55,36,'config','/elance/school/admin.php?p=config',0,1303306807,''),
	(56,36,'config','/elance/school/admin.php?p=config',0,1303306825,''),
	(57,36,'category','admin.php?p=category',1,1303306828,' 栏目管理'),
	(58,36,'category','/elance/school/admin.php?p=category&action=ajax_get',0,1303306828,''),
	(59,36,'item','/elance/school/admin.php?p=item',0,1303306830,''),
	(60,36,'item','admin.php?p=item&category_id=3',1,1303306832,' 内容管理&gt;新闻中心'),
	(61,36,'item','/elance/school/admin.php?p=item&action=edit_item&category_id=3&item_id=1',0,1303307063,''),
	(62,36,'upload','/elance/school/admin.php?p=upload&for=content',0,1303307063,''),
	(63,36,'item','/elance/school/admin.php?m=edit_item&p=item&item_id=1&category_id=3',0,1303307207,''),
	(64,36,'item','admin.php?p=item&category_id=3',1,1303307208,' 内容管理&gt;新闻中心'),
	(65,36,'item','/elance/school/admin.php?p=item&action=edit_item&category_id=3&item_id=1',0,1303307212,''),
	(66,36,'upload','/elance/school/admin.php?p=upload&for=content',0,1303307212,''),
	(67,36,'item','/elance/school/admin.php?m=edit_item&p=item&item_id=1&category_id=3',0,1303307221,''),
	(68,36,'item','admin.php?p=item&category_id=3',1,1303307222,' 内容管理&gt;新闻中心'),
	(69,36,'item','/elance/school/admin.php?p=item&action=edit_item&category_id=3&item_id=1',0,1303307224,''),
	(70,36,'upload','/elance/school/admin.php?p=upload&for=content',0,1303307224,''),
	(71,36,'item','/elance/school/admin.php?m=edit_item&p=item&item_id=1&category_id=3',0,1303307251,''),
	(72,36,'item','admin.php?p=item&category_id=3',1,1303307252,' 内容管理&gt;新闻中心'),
	(73,36,'item','/elance/school/admin.php?p=item&action=edit_item&category_id=3&item_id=1',0,1303307255,''),
	(74,36,'upload','/elance/school/admin.php?p=upload&for=content',0,1303307255,''),
	(75,36,'item','/elance/school/admin.php?m=edit_item&p=item&item_id=1&category_id=3',0,1303307262,''),
	(76,36,'item','admin.php?p=item&category_id=3',1,1303307263,' 内容管理&gt;新闻中心'),
	(77,36,'item','/elance/school/admin.php?p=item&action=edit_item&category_id=3&item_id=1',0,1303307265,''),
	(78,36,'upload','/elance/school/admin.php?p=upload&for=content',0,1303307265,''),
	(79,36,'item','/elance/school/admin.php?p=item&action=edit_item&category_id=3&item_id=1',0,1303307375,''),
	(80,36,'upload','/elance/school/admin.php?p=upload&for=content',0,1303307376,''),
	(81,36,'item','/elance/school/admin.php?p=item&action=edit_item&category_id=3&item_id=1',0,1303307427,''),
	(82,36,'upload','/elance/school/admin.php?p=upload&for=content',0,1303307427,''),
	(83,36,'item','/elance/school/admin.php?m=edit_item&p=item&item_id=1&category_id=3',0,1303307434,''),
	(84,36,'item','admin.php?p=item&category_id=3',1,1303307436,' 内容管理&gt;新闻中心'),
	(85,36,'item','/elance/school/admin.php?p=item&action=edit_item&category_id=3&item_id=1',0,1303307437,''),
	(86,36,'upload','/elance/school/admin.php?p=upload&for=content',0,1303307437,''),
	(87,36,'item','/elance/school/admin.php?p=item&action=edit_item&category_id=3&item_id=1',0,1303307781,''),
	(88,36,'upload','/elance/school/admin.php?p=upload&for=content',0,1303307781,''),
	(89,36,'item','/elance/school/admin.php?m=edit_item&p=item&item_id=1&category_id=3',0,1303312253,''),
	(90,36,'item','admin.php?p=item&category_id=3',1,1303312255,' 内容管理&gt;新闻中心'),
	(91,36,'item','/elance/school/admin.php?p=item&action=edit_item&category_id=3&item_id=1',0,1303312257,''),
	(92,36,'upload','/elance/school/admin.php?p=upload&for=content',0,1303312257,''),
	(93,36,'item','/elance/school/admin.php?m=edit_item&p=item&item_id=1&category_id=3',0,1303312264,''),
	(94,36,'item','admin.php?p=item&category_id=3',1,1303312266,' 内容管理&gt;新闻中心'),
	(95,36,'item','/elance/school/admin.php?p=item&action=edit_item&category_id=3&item_id=1',0,1303312268,''),
	(96,36,'upload','/elance/school/admin.php?p=upload&for=content',0,1303312268,''),
	(97,36,'item','/elance/school/admin.php?m=edit_item&p=item&item_id=1&category_id=3',0,1303312292,''),
	(98,36,'item','admin.php?p=item&category_id=3',1,1303312293,' 内容管理&gt;新闻中心'),
	(99,36,'item','/elance/school/admin.php?p=item&action=edit_item&category_id=3&item_id=1',0,1303312295,''),
	(100,36,'upload','/elance/school/admin.php?p=upload&for=content',0,1303312295,''),
	(101,36,'item','/elance/school/admin.php?m=edit_item&p=item&item_id=1&category_id=3',0,1303312400,''),
	(102,36,'upload','/elance/school/admin.php?p=upload&for=content',0,1303312400,''),
	(103,36,'item','/elance/school/admin.php?m=edit_item&p=item&item_id=1&category_id=3',0,1303312404,''),
	(104,36,'item','admin.php?p=item&category_id=3',1,1303312405,' 内容管理&gt;新闻中心'),
	(105,36,'item','/elance/school/admin.php?p=item&action=new_item&category_id=3',0,1303312407,''),
	(106,36,'upload','/elance/school/admin.php?p=upload&for=content',0,1303312408,''),
	(107,36,'item','/elance/school/admin.php?m=new_item&p=item&category_id=3',0,1303312420,''),
	(108,36,'item','admin.php?p=item&category_id=3',1,1303312421,' 内容管理&gt;新闻中心'),
	(109,36,'item','/elance/school/admin.php?p=item&action=view_item&category_id=3&item_id=2',0,1303312423,''),
	(110,36,'item','/elance/school/admin.php?p=item&action=edit_item&item_id=2&category_id=3',0,1303312426,''),
	(111,36,'upload','/elance/school/admin.php?p=upload&for=content',0,1303312426,''),
	(112,36,'item','admin.php?p=item&category_id=3',1,1303312437,' 内容管理&gt;新闻中心'),
	(113,36,'item','/elance/school/admin.php?p=item&action=new_item&category_id=3',0,1303313290,''),
	(114,36,'upload','/elance/school/admin.php?p=upload&for=content',0,1303313290,''),
	(115,36,'category','admin.php?p=category',1,1303313291,' 栏目管理'),
	(116,36,'category','/elance/school/admin.php?p=category&action=ajax_get',0,1303313291,''),
	(117,36,'category','/elance/school/admin.php?m=new_category&p=category&category_id=0',0,1303313301,''),
	(118,36,'category','/elance/school/admin.php?p=category&action=edit_category&category_id=4',0,1303313301,''),
	(119,36,'category','/elance/school/admin.php?m=edit_category&p=category&category_id=4',0,1303313303,''),
	(120,36,'category','admin.php?p=category',1,1303313304,' 栏目管理'),
	(121,36,'category','/elance/school/admin.php?p=category&action=ajax_get',0,1303313304,''),
	(122,36,'category','/elance/school/admin.php?p=category&action=ajax_get&category_id=1&depth=1',0,1303313306,''),
	(123,36,'category','/elance/school/admin.php?m=new_category&p=category&category_id=0',0,1303313320,''),
	(124,36,'category','/elance/school/admin.php?p=category&action=edit_category&category_id=5',0,1303313320,''),
	(125,36,'category','/elance/school/admin.php?m=edit_category&p=category&category_id=5',0,1303313324,''),
	(126,36,'category','admin.php?p=category',1,1303313325,' 栏目管理'),
	(127,36,'category','/elance/school/admin.php?p=category&action=ajax_get',0,1303313325,''),
	(128,36,'category','/elance/school/admin.php?m=new_category&p=category&category_id=0',0,1303313334,''),
	(129,36,'category','/elance/school/admin.php?p=category&action=edit_category&category_id=6',0,1303313334,''),
	(130,36,'category','/elance/school/admin.php?m=edit_category&p=category&category_id=6',0,1303313336,''),
	(131,36,'category','admin.php?p=category',1,1303313337,' 栏目管理'),
	(132,36,'category','/elance/school/admin.php?p=category&action=ajax_get',0,1303313337,''),
	(133,36,'category','/elance/school/admin.php?m=new_category&p=category&category_id=0',0,1303313351,''),
	(134,36,'category','/elance/school/admin.php?p=category&action=edit_category&category_id=7',0,1303313351,''),
	(135,36,'category','/elance/school/admin.php?m=edit_category&p=category&category_id=7',0,1303313423,''),
	(136,36,'category','admin.php?p=category',1,1303313425,' 栏目管理'),
	(137,36,'category','/elance/school/admin.php?p=category&action=ajax_get',0,1303313425,''),
	(138,36,'category','/elance/school/admin.php?p=category&action=ajax_get&category_id=1&depth=1',0,1303313427,''),
	(139,36,'category','/elance/school/admin.php?p=category&action=ajax_get&category_id=4&depth=2',0,1303313439,''),
	(140,36,'category','/elance/school/admin.php?p=category&action=ajax_get&category_id=3&depth=2',0,1303313443,''),
	(141,36,'category','/elance/school/admin.php?p=category&action=ajax_get&category_id=5&depth=2',0,1303313443,''),
	(142,36,'category','/elance/school/admin.php?p=category&action=ajax_get&category_id=6&depth=2',0,1303313444,''),
	(143,36,'category','/elance/school/admin.php?p=category&action=ajax_get&category_id=7&depth=2',0,1303313444,''),
	(144,36,'ajax','/elance/school/admin.php?p=ajax&m=update&table=category&column=status&id=4',0,1303313910,''),
	(145,36,'category','/elance/school/admin.php?m=new_category&p=category&category_id=0',0,1303313976,''),
	(146,36,'category','/elance/school/admin.php?p=category&action=edit_category&category_id=8',0,1303313976,''),
	(147,36,'category','/elance/school/admin.php?m=edit_category&p=category&category_id=8',0,1303313991,''),
	(148,36,'category','admin.php?p=category',1,1303313993,' 栏目管理'),
	(149,36,'category','/elance/school/admin.php?p=category&action=ajax_get',0,1303313993,''),
	(150,36,'item','/elance/school/admin.php?p=item',0,1303313994,''),
	(151,36,'item','admin.php?p=item&category_id=8',1,1303313997,' 内容管理&gt;二级分类1'),
	(152,36,'item','admin.php?p=item&category_id=3',1,1303313999,' 内容管理&gt;新闻中心'),
	(153,36,'item','admin.php?p=item&category_id=8',1,1303314052,' 内容管理&gt;二级分类1'),
	(154,36,'item','/elance/school/admin.php?p=item&action=new_item&category_id=8',0,1303314053,''),
	(155,36,'upload','/elance/school/admin.php?p=upload&for=content',0,1303314053,''),
	(156,36,'item','/elance/school/admin.php?m=new_item&p=item&category_id=8',0,1303314083,''),
	(157,36,'item','admin.php?p=item&category_id=8',1,1303314084,' 内容管理&gt;二级分类1'),
	(158,36,'category','admin.php?p=category',1,1303314312,' 栏目管理'),
	(159,36,'category','/elance/school/admin.php?p=category&action=ajax_get',0,1303314313,''),
	(160,36,'ajax','/elance/school/admin.php?p=ajax&m=update&table=category&column=url&id=1',0,1303314320,''),
	(161,36,'category','/elance/school/admin.php?p=category&action=ajax_get&category_id=1&depth=1',0,1303314492,''),
	(162,36,'category','/elance/school/admin.php?m=new_category&p=category&category_id=0',0,1303314512,''),
	(163,36,'category','/elance/school/admin.php?p=category&action=edit_category&category_id=9',0,1303314513,''),
	(164,36,'category','/elance/school/admin.php?m=edit_category&p=category&category_id=9',0,1303314515,''),
	(165,36,'category','admin.php?p=category',1,1303314516,' 栏目管理'),
	(166,36,'category','/elance/school/admin.php?p=category&action=ajax_get',0,1303314516,''),
	(167,36,'category','/elance/school/admin.php?m=new_category&p=category&category_id=0',0,1303314534,''),
	(168,36,'category','/elance/school/admin.php?p=category&action=edit_category&category_id=10',0,1303314534,''),
	(169,36,'category','/elance/school/admin.php?m=edit_category&p=category&category_id=10',0,1303314536,''),
	(170,36,'category','admin.php?p=category',1,1303314538,' 栏目管理'),
	(171,36,'category','/elance/school/admin.php?p=category&action=ajax_get',0,1303314538,''),
	(172,36,'category','/elance/school/admin.php?m=new_category&p=category&category_id=0',0,1303314548,''),
	(173,36,'category','/elance/school/admin.php?p=category&action=edit_category&category_id=11',0,1303314548,''),
	(174,36,'category','/elance/school/admin.php?m=edit_category&p=category&category_id=11',0,1303314560,''),
	(175,36,'category','admin.php?p=category',1,1303314561,' 栏目管理'),
	(176,36,'category','/elance/school/admin.php?p=category&action=ajax_get',0,1303314561,''),
	(177,36,'category','/elance/school/admin.php?m=new_category&p=category&category_id=0',0,1303314570,''),
	(178,36,'category','/elance/school/admin.php?p=category&action=edit_category&category_id=12',0,1303314570,''),
	(179,36,'category','/elance/school/admin.php?m=edit_category&p=category&category_id=12',0,1303314580,''),
	(180,36,'category','admin.php?p=category',1,1303314581,' 栏目管理'),
	(181,36,'category','/elance/school/admin.php?p=category&action=ajax_get',0,1303314581,''),
	(182,36,'category','/elance/school/admin.php?p=category&action=ajax_get&category_id=1&depth=1',0,1303314583,''),
	(183,36,'ajax','/elance/school/admin.php?p=ajax&m=update&table=category&column=order_id&id=12',0,1303314587,''),
	(184,36,'ajax','/elance/school/admin.php?p=ajax&m=update&table=category&column=url&id=12',0,1303314770,''),
	(185,36,'ajax','/elance/school/admin.php?p=ajax&m=update&table=category&column=url&id=4',0,1303314774,''),
	(186,36,'ajax','/elance/school/admin.php?p=ajax&m=update&table=category&column=url&id=5',0,1303314777,''),
	(187,36,'ajax','/elance/school/admin.php?p=ajax&m=update&table=category&column=url&id=6',0,1303314780,''),
	(188,36,'ajax','/elance/school/admin.php?p=ajax&m=update&table=category&column=url&id=7',0,1303314783,''),
	(189,36,'ajax','/elance/school/admin.php?p=ajax&m=update&table=category&column=url&id=9',0,1303314785,''),
	(190,36,'ajax','/elance/school/admin.php?p=ajax&m=update&table=category&column=url&id=10',0,1303314787,''),
	(191,36,'ajax','/elance/school/admin.php?p=ajax&m=update&table=category&column=url&id=11',0,1303314790,''),
	(192,36,'category','/elance/school/admin.php?m=new_category&p=category&category_id=0',0,1303315508,''),
	(193,36,'category','/elance/school/admin.php?p=category&action=edit_category&category_id=13',0,1303315508,''),
	(194,36,'upload','/elance/school/admin.php?p=upload&for=content',0,1303315508,''),
	(195,36,'category','/elance/school/admin.php?m=edit_category&p=category&category_id=13',0,1303315527,''),
	(196,36,'category','admin.php?p=category',1,1303315528,' 栏目管理'),
	(197,36,'category','/elance/school/admin.php?p=category&action=ajax_get',0,1303315528,''),
	(198,36,'category','admin.php?p=category',1,1303317456,' 栏目管理'),
	(199,36,'category','/elance/school/admin.php?p=category&action=ajax_get',0,1303317456,''),
	(200,36,'category','/elance/school/admin.php?p=category&action=ajax_get&category_id=1&depth=1',0,1303317457,''),
	(201,36,'ajax','/elance/school/admin.php?p=ajax&m=update&table=category&column=status&id=4',0,1303317465,''),
	(202,36,'item','/elance/school/admin.php?p=item',0,1303319479,''),
	(203,36,'item','admin.php?p=item&category_id=3',1,1303319482,' 内容管理&gt;新闻中心'),
	(204,36,'ajax','/elance/school/admin.php?p=ajax&m=update&table=article&column=name&id=1',0,1303319488,''),
	(205,36,'item','admin.php?p=item&category_id=4',1,1303319777,' 内容管理&gt;党建工作'),
	(206,36,'item','/elance/school/admin.php?p=item&action=new_item&category_id=4',0,1303319779,''),
	(207,36,'upload','/elance/school/admin.php?p=upload&for=content',0,1303319779,''),
	(208,36,'item','/elance/school/admin.php?m=new_item&p=item&category_id=4',0,1303319787,''),
	(209,36,'item','admin.php?p=item&category_id=4',1,1303319788,' 内容管理&gt;党建工作'),
	(210,36,'ajax','/elance/school/admin.php?p=ajax&m=update&table=article&column=name&id=4',0,1303319820,''),
	(211,36,'item','/elance/school/admin.php?p=item&action=edit_item&category_id=4&item_id=4',0,1303319822,''),
	(212,36,'upload','/elance/school/admin.php?p=upload&for=content',0,1303319822,''),
	(213,36,'item','/elance/school/admin.php?m=edit_item&p=item&item_id=4&category_id=4',0,1303319838,''),
	(214,36,'item','admin.php?p=item&category_id=4',1,1303319839,' 内容管理&gt;党建工作'),
	(215,36,'item','/elance/school/admin.php?p=item&action=new_item&category_id=4',0,1303319873,''),
	(216,36,'upload','/elance/school/admin.php?p=upload&for=content',0,1303319873,''),
	(217,36,'item','/elance/school/admin.php?m=new_item&p=item&category_id=4',0,1303319889,''),
	(218,36,'item','admin.php?p=item&category_id=4',1,1303319891,' 内容管理&gt;党建工作'),
	(219,36,'ajax','/elance/school/admin.php?p=ajax&m=update&table=article&column=name&id=5',0,1303319947,''),
	(220,36,'item','admin.php?p=item&category_id=5',1,1303320040,' 内容管理&gt;科学研究'),
	(221,36,'item','/elance/school/admin.php?p=item&action=new_item&category_id=5',0,1303320042,''),
	(222,36,'upload','/elance/school/admin.php?p=upload&for=content',0,1303320042,''),
	(223,36,'item','/elance/school/admin.php?m=new_item&p=item&category_id=5',0,1303320046,''),
	(224,36,'item','admin.php?p=item&category_id=5',1,1303320047,' 内容管理&gt;科学研究'),
	(225,36,'item','/elance/school/admin.php?p=item&action=new_item&category_id=5',0,1303320098,''),
	(226,36,'upload','/elance/school/admin.php?p=upload&for=content',0,1303320098,''),
	(227,36,'item','/elance/school/admin.php?m=new_item&p=item&category_id=5',0,1303320102,''),
	(228,36,'item','admin.php?p=item&category_id=5',1,1303320104,' 内容管理&gt;科学研究'),
	(229,36,'item','/elance/school/admin.php?p=item&action=new_item&category_id=5',0,1303320110,''),
	(230,36,'upload','/elance/school/admin.php?p=upload&for=content',0,1303320110,''),
	(231,36,'item','/elance/school/admin.php?m=new_item&p=item&category_id=5',0,1303320113,''),
	(232,36,'item','admin.php?p=item&category_id=5',1,1303320115,' 内容管理&gt;科学研究'),
	(233,36,'ajax','/elance/school/admin.php?p=ajax&m=update&table=article&column=name&id=7',0,1303320122,''),
	(234,36,'item','/elance/school/admin.php?p=item&action=new_item&category_id=5',0,1303320129,''),
	(235,36,'upload','/elance/school/admin.php?p=upload&for=content',0,1303320129,''),
	(236,36,'item','/elance/school/admin.php?m=new_item&p=item&category_id=5',0,1303320133,''),
	(237,36,'item','admin.php?p=item&category_id=5',1,1303320134,' 内容管理&gt;科学研究'),
	(238,36,'item','/elance/school/admin.php?p=item&action=new_item&category_id=5',0,1303320141,''),
	(239,36,'upload','/elance/school/admin.php?p=upload&for=content',0,1303320141,''),
	(240,36,'item','/elance/school/admin.php?m=new_item&p=item&category_id=5',0,1303320145,''),
	(241,36,'item','admin.php?p=item&category_id=5',1,1303320146,' 内容管理&gt;科学研究'),
	(242,36,'item','/elance/school/admin.php?p=item&action=new_item&category_id=5',0,1303320152,''),
	(243,36,'upload','/elance/school/admin.php?p=upload&for=content',0,1303320152,''),
	(244,36,'item','/elance/school/admin.php?m=new_item&p=item&category_id=5',0,1303320157,''),
	(245,36,'item','admin.php?p=item&category_id=5',1,1303320158,' 内容管理&gt;科学研究'),
	(246,36,'item','/elance/school/admin.php?p=item&action=new_item&category_id=5',0,1303320169,''),
	(247,36,'upload','/elance/school/admin.php?p=upload&for=content',0,1303320170,''),
	(248,36,'item','/elance/school/admin.php?m=new_item&p=item&category_id=5',0,1303320173,''),
	(249,36,'item','admin.php?p=item&category_id=5',1,1303320174,' 内容管理&gt;科学研究'),
	(250,36,'item','/elance/school/admin.php?p=item&action=new_item&category_id=5',0,1303320181,''),
	(251,36,'upload','/elance/school/admin.php?p=upload&for=content',0,1303320181,''),
	(252,36,'item','/elance/school/admin.php?m=new_item&p=item&category_id=5',0,1303320184,''),
	(253,36,'item','admin.php?p=item&category_id=5',1,1303320185,' 内容管理&gt;科学研究'),
	(254,36,'item','/elance/school/admin.php?p=item&action=new_item&category_id=5',0,1303320194,''),
	(255,36,'upload','/elance/school/admin.php?p=upload&for=content',0,1303320195,''),
	(256,36,'item','/elance/school/admin.php?m=new_item&p=item&category_id=5',0,1303320198,''),
	(257,36,'item','admin.php?p=item&category_id=5',1,1303320199,' 内容管理&gt;科学研究'),
	(258,36,'item','/elance/school/admin.php?p=item&action=new_item&category_id=5',0,1303320211,''),
	(259,36,'upload','/elance/school/admin.php?p=upload&for=content',0,1303320211,''),
	(260,36,'item','/elance/school/admin.php?m=new_item&p=item&category_id=5',0,1303320214,''),
	(261,36,'item','admin.php?p=item&category_id=5',1,1303320216,' 内容管理&gt;科学研究'),
	(262,36,'item','/elance/school/admin.php?p=item&action=new_item&category_id=5',0,1303320224,''),
	(263,36,'upload','/elance/school/admin.php?p=upload&for=content',0,1303320224,''),
	(264,36,'item','/elance/school/admin.php?m=new_item&p=item&category_id=5',0,1303320241,''),
	(265,36,'item','admin.php?p=item&category_id=5',1,1303320243,' 内容管理&gt;科学研究'),
	(266,36,'item','/elance/school/admin.php?p=item&action=new_item&category_id=5',0,1303320273,''),
	(267,36,'upload','/elance/school/admin.php?p=upload&for=content',0,1303320273,''),
	(268,36,'item','/elance/school/admin.php?m=new_item&p=item&category_id=5',0,1303320277,''),
	(269,36,'item','admin.php?p=item&category_id=5',1,1303320278,' 内容管理&gt;科学研究'),
	(270,36,'category','admin.php?p=category',1,1303320406,' 栏目管理'),
	(271,36,'category','/elance/school/admin.php?p=category&action=ajax_get',0,1303320407,''),
	(272,36,'category','/elance/school/admin.php?p=category&action=ajax_get&category_id=1&depth=1',0,1303320408,''),
	(273,36,'ajax','/elance/school/admin.php?p=ajax&m=update&table=category&column=url&id=6',0,1303320414,''),
	(274,36,'item','/elance/school/admin.php?p=item',0,1303320420,''),
	(275,36,'item','admin.php?p=item&category_id=6',1,1303320422,' 内容管理&gt;人才培养'),
	(276,36,'item','/elance/school/admin.php?p=item&action=new_item&category_id=6',0,1303320424,''),
	(277,36,'upload','/elance/school/admin.php?p=upload&for=content',0,1303320424,''),
	(278,36,'item','/elance/school/admin.php?m=new_item&p=item&category_id=6',0,1303320454,''),
	(279,36,'item','admin.php?p=item&category_id=6',1,1303320456,' 内容管理&gt;人才培养'),
	(280,36,'item','admin.php?p=item&category_id=7',1,1303320528,' 内容管理&gt;招生就业'),
	(281,36,'item','admin.php?p=item&category_id=7',1,1303320528,' 内容管理&gt;招生就业'),
	(282,36,'category','admin.php?p=category',1,1303320530,' 栏目管理'),
	(283,36,'category','/elance/school/admin.php?p=category&action=ajax_get',0,1303320530,''),
	(284,36,'category','/elance/school/admin.php?p=category&action=ajax_get&category_id=1&depth=1',0,1303320532,''),
	(285,36,'category','admin.php?p=category',1,1303320538,' 栏目管理'),
	(286,36,'category','/elance/school/admin.php?p=category&action=ajax_get',0,1303320538,''),
	(287,36,'category','/elance/school/admin.php?p=category&action=ajax_get&category_id=1&depth=1',0,1303320539,''),
	(288,36,'item','/elance/school/admin.php?p=item',0,1303320560,''),
	(289,36,'item','admin.php?p=item&category_id=7',1,1303320563,' 内容管理&gt;招生就业'),
	(290,36,'item','/elance/school/admin.php?p=item&action=new_item&category_id=7',0,1303320564,''),
	(291,36,'upload','/elance/school/admin.php?p=upload&for=content',0,1303320564,''),
	(292,36,'item','/elance/school/admin.php?m=new_item&p=item&category_id=7',0,1303320573,''),
	(293,36,'item','admin.php?p=item&category_id=7',1,1303320575,' 内容管理&gt;招生就业'),
	(294,36,'item','admin.php?p=item&category_id=9',1,1303320615,' 内容管理&gt;人才招聘'),
	(295,36,'item','/elance/school/admin.php?p=item&action=new_item&category_id=9',0,1303320617,''),
	(296,36,'upload','/elance/school/admin.php?p=upload&for=content',0,1303320617,''),
	(297,36,'item','/elance/school/admin.php?m=new_item&p=item&category_id=9',0,1303320639,''),
	(298,36,'item','admin.php?p=item&category_id=9',1,1303320641,' 内容管理&gt;人才招聘'),
	(299,36,'category','admin.php?p=category',1,1303320888,' 栏目管理'),
	(300,36,'category','/elance/school/admin.php?p=category&action=ajax_get',0,1303320888,''),
	(301,36,'category','/elance/school/admin.php?m=new_category&p=category&category_id=0',0,1303320896,''),
	(302,36,'category','/elance/school/admin.php?p=category&action=edit_category&category_id=14',0,1303320896,''),
	(303,36,'category','/elance/school/admin.php?m=edit_category&p=category&category_id=14',0,1303320899,''),
	(304,36,'category','admin.php?p=category',1,1303320900,' 栏目管理'),
	(305,36,'category','/elance/school/admin.php?p=category&action=ajax_get',0,1303320900,''),
	(306,36,'ajax','/elance/school/admin.php?p=ajax&m=update&table=category&column=name&id=14',0,1303320908,''),
	(307,36,'item','/elance/school/admin.php?p=item',0,1303320910,''),
	(308,36,'item','admin.php?p=item&category_id=14',1,1303320911,' 内容管理&gt;通知公告'),
	(309,36,'item','/elance/school/admin.php?p=item&action=new_item&category_id=14',0,1303320912,''),
	(310,36,'upload','/elance/school/admin.php?p=upload&for=content',0,1303320912,''),
	(311,36,'item','/elance/school/admin.php?m=new_item&p=item&category_id=14',0,1303320929,''),
	(312,36,'item','admin.php?p=item&category_id=14',1,1303320931,' 内容管理&gt;通知公告'),
	(313,36,'category','admin.php?p=category',1,1303320939,' 栏目管理'),
	(314,36,'category','/elance/school/admin.php?p=category&action=ajax_get',0,1303320940,''),
	(315,36,'ajax','/elance/school/admin.php?p=ajax&m=update&table=category&column=url&id=14',0,1303320943,''),
	(316,36,'category','/elance/school/admin.php?m=new_category&p=category&category_id=0',0,1303321377,''),
	(317,36,'category','/elance/school/admin.php?p=category&action=edit_category&category_id=15',0,1303321377,''),
	(318,36,'upload','/elance/school/admin.php?p=upload&for=content',0,1303321377,''),
	(319,36,'category','/elance/school/admin.php?m=edit_category&p=category&category_id=15',0,1303321400,''),
	(320,36,'category','admin.php?p=category',1,1303321402,' 栏目管理'),
	(321,36,'category','/elance/school/admin.php?p=category&action=ajax_get',0,1303321402,''),
	(322,36,'ajax','/elance/school/admin.php?p=ajax&m=update&table=category&column=url&id=15',0,1303321464,''),
	(323,36,'category','/elance/school/admin.php?p=category&action=edit_category&category_id=15',0,1303321523,''),
	(324,36,'upload','/elance/school/admin.php?p=upload&for=content',0,1303321523,''),
	(325,36,'category','/elance/school/admin.php?m=edit_category&p=category&category_id=15',0,1303321537,''),
	(326,36,'category','admin.php?p=category',1,1303321538,' 栏目管理'),
	(327,36,'category','/elance/school/admin.php?p=category&action=ajax_get',0,1303321539,''),
	(328,36,'config','/elance/school/admin.php?p=config',0,1303321591,''),
	(329,36,'config','/elance/school/admin.php?m=new_config&p=config',0,1303321600,''),
	(330,36,'config','/elance/school/admin.php?p=config',0,1303321601,''),
	(331,36,'ajax','/elance/school/admin.php?p=ajax&m=update&table=config&column=value&id=3',0,1303321606,''),
	(332,36,'ajax','/elance/school/admin.php?p=ajax&m=update&table=config&column=value&id=3',0,1303321621,''),
	(333,36,'ajax','/elance/school/admin.php?p=ajax&m=update&table=config&column=value&id=3',0,1303321634,''),
	(334,36,'ajax','/elance/school/admin.php?p=ajax&m=update&table=config&column=value&id=1',0,1303321651,''),
	(335,36,'item','/elance/school/admin.php?p=item',0,1303321794,''),
	(336,36,'item','admin.php?p=item&category_id=11',1,1303321797,' 内容管理&gt;资料下载'),
	(337,36,'item','/elance/school/admin.php?p=item&action=new_item&category_id=11',0,1303321799,''),
	(338,36,'upload','/elance/school/admin.php?p=upload&for=content',0,1303321799,''),
	(339,36,'upload','/elance/school/admin.php?p=upload&m=upload&for=content',0,1303321816,''),
	(340,36,'config','/elance/school/admin.php?p=config',0,1303321820,''),
	(341,36,'ajax','/elance/school/admin.php?p=ajax&m=update&table=config&column=value&id=2',0,1303321829,''),
	(342,36,'item','/elance/school/admin.php?p=item',0,1303321830,''),
	(343,36,'item','admin.php?p=item&category_id=11',1,1303321833,' 内容管理&gt;资料下载'),
	(344,36,'item','/elance/school/admin.php?p=item&action=new_item&category_id=11',0,1303321834,''),
	(345,36,'upload','/elance/school/admin.php?p=upload&for=content',0,1303321834,''),
	(346,36,'upload','/elance/school/admin.php?p=upload&m=upload&for=content',0,1303321847,''),
	(347,36,'item','/elance/school/admin.php?m=new_item&p=item&category_id=11',0,1303321853,''),
	(348,36,'item','admin.php?p=item&category_id=11',1,1303321854,' 内容管理&gt;资料下载'),
	(349,36,'item','/elance/school/admin.php?p=item&action=edit_item&category_id=11&item_id=22',0,1303321995,''),
	(350,36,'upload','/elance/school/admin.php?p=upload&for=content',0,1303321995,''),
	(351,36,'upload','/elance/school/admin.php?p=upload&m=upload&for=content',0,1303322016,''),
	(352,36,'item','/elance/school/admin.php?m=edit_item&p=item&item_id=22&category_id=11',0,1303322019,''),
	(353,36,'item','admin.php?p=item&category_id=11',1,1303322021,' 内容管理&gt;资料下载'),
	(354,36,'item','/elance/school/admin.php?p=item&action=edit_item&category_id=11&item_id=22',0,1303322039,''),
	(355,36,'upload','/elance/school/admin.php?p=upload&for=content',0,1303322039,''),
	(356,36,'upload','/elance/school/admin.php?p=upload&m=upload&for=content',0,1303322057,''),
	(357,36,'item','/elance/school/admin.php?m=edit_item&p=item&item_id=22&category_id=11',0,1303322060,''),
	(358,36,'item','admin.php?p=item&category_id=11',1,1303322061,' 内容管理&gt;资料下载'),
	(359,36,'extension','/elance/school/admin.php?p=extension',0,1303322521,''),
	(360,36,'extension','/elance/school/admin.php?p=extension&extension=end_show_log',0,1303322525,''),
	(361,36,'extension','/elance/school/admin.php?p=extension&module=admin',0,1303322530,''),
	(362,36,'extension','/elance/school/admin.php?p=extension&module=www',0,1303322531,''),
	(363,36,'extension','/elance/school/admin.php?p=extension&action=edit',0,1303322532,''),
	(364,36,'extension','/elance/school/admin.php?p=extension',0,1303322537,''),
	(365,36,'extension','/elance/school/admin.php?p=extension&extension=end_config_models',0,1303322538,''),
	(366,36,'extension','/elance/school/admin.php?p=extension&extension=end_config_models&step=1',0,1303322541,''),
	(367,36,'extension','/elance/school/admin.php?p=extension&extension=end_config_models&step=2',0,1303322545,''),
	(368,36,'extension','/elance/school/admin.php?p=extension',0,1303322547,''),
	(369,36,'extension','/elance/school/admin.php?p=extension&extension=end_update',0,1303322582,''),
	(370,36,'extension','/elance/school/admin.php?p=extension',0,1303322588,''),
	(371,36,'extension','/elance/school/admin.php?p=extension&extension=end_clear_template_cache',0,1303322589,''),
	(372,36,'extension','/elance/school/admin.php?p=extension&extension=end_clear_template_cache&do=clear',0,1303322591,''),
	(373,36,'extension','/elance/school/admin.php?p=extension',0,1303322593,''),
	(374,36,'extension','/elance/school/admin.php?p=extension&extension=end_clear_template_cache',0,1303322594,''),
	(375,36,'extension','/elance/school/admin.php?p=extension&extension=end_clear_template_cache&do=clear',0,1303322596,''),
	(376,36,'extension','/elance/school/admin.php?p=extension',0,1303322597,''),
	(377,36,'extension','/elance/school/admin.php?p=extension&extension=end_clear_template_cache',0,1303322598,''),
	(378,36,'extension','/elance/school/admin.php?p=extension&extension=end_clear_template_cache&do=clear',0,1303322600,''),
	(379,36,'extension','/elance/school/admin.php?p=extension',0,1303322601,''),
	(380,36,'extension','/elance/school/admin.php?p=extension&extension=end_config_mail',0,1303322602,''),
	(381,36,'extension','/elance/school/admin.php?p=extension',0,1303322613,''),
	(382,36,'extension','/elance/school/admin.php?p=extension',0,1303322731,''),
	(383,36,'category','admin.php?p=category',1,1303322734,' 栏目管理'),
	(384,36,'category','/elance/school/admin.php?p=category&action=ajax_get',0,1303322734,''),
	(385,36,'ajax','/elance/school/admin.php?p=ajax&m=update&table=category&column=system&id=1',0,1303322739,''),
	(386,36,'ajax','/elance/school/admin.php?p=ajax&m=update&table=category&column=system&id=15',0,1303322742,''),
	(387,36,'ajax','/elance/school/admin.php?p=ajax&m=update&table=category&column=system&id=14',0,1303322745,''),
	(388,36,'category','/elance/school/admin.php?p=category&action=ajax_get&category_id=1&depth=1',0,1303322746,''),
	(389,36,'category','admin.php?p=category',1,1303322751,' 栏目管理'),
	(390,36,'category','/elance/school/admin.php?p=category&action=ajax_get',0,1303322751,''),
	(391,36,'category','/elance/school/admin.php?p=category&action=ajax_get&category_id=1&depth=1',0,1303322755,''),
	(392,36,'item','/elance/school/admin.php?p=item',0,1303322762,''),
	(393,36,'item','/elance/school/admin.php?p=item&category_id=12',0,1303322765,''),
	(394,36,'category','admin.php?p=category',1,1303322776,' 栏目管理'),
	(395,36,'category','/elance/school/admin.php?p=category&action=ajax_get',0,1303322776,''),
	(396,36,'item','/elance/school/admin.php?p=item',0,1303322778,''),
	(397,36,'category','admin.php?p=category',1,1303322779,' 栏目管理'),
	(398,36,'category','/elance/school/admin.php?p=category&action=ajax_get',0,1303322779,''),
	(399,36,'item','/elance/school/admin.php?p=item',0,1303322781,''),
	(400,36,'category','admin.php?p=category',1,1303322782,' 栏目管理'),
	(401,36,'category','/elance/school/admin.php?p=category&action=ajax_get',0,1303322782,''),
	(402,0,'login','/elance/school/admin.php?p=login&module=admin&backurl=admin.php%3F',0,1303356736,''),
	(403,0,'login','/elance/school/admin.php?p=login&module=admin&m=login&backurl=admin.php%3F',0,1303356754,''),
	(404,36,'','/elance/school/admin.php?',0,1303356754,''),
	(405,36,'category','admin.php?p=category',1,1303356762,' 栏目管理'),
	(406,36,'category','/elance/school/admin.php?p=category&action=ajax_get',0,1303356762,''),
	(407,36,'category','/elance/school/admin.php?p=category&action=ajax_get&category_id=1&depth=1',0,1303356766,''),
	(408,36,'category','/elance/school/admin.php?p=category&action=ajax_get&category_id=5&depth=2',0,1303356774,''),
	(409,36,'category','/elance/school/admin.php?p=category&action=ajax_get&category_id=4&depth=2',0,1303356775,''),
	(410,36,'category','/elance/school/admin.php?p=category&action=edit_category&category_id=4',0,1303356778,''),
	(411,36,'category','admin.php?p=category',1,1303356783,' 栏目管理'),
	(412,36,'category','/elance/school/admin.php?p=category&action=ajax_get',0,1303356783,''),
	(413,36,'category','/elance/school/admin.php?p=category&action=ajax_get&category_id=1&depth=1',0,1303356785,''),
	(414,36,'category','/elance/school/admin.php?p=category&action=ajax_get&category_id=14&depth=1',0,1303356787,''),
	(415,36,'category','/elance/school/admin.php?p=category&action=ajax_get&category_id=15&depth=1',0,1303356788,''),
	(416,36,'item','/elance/school/admin.php?p=item',0,1303356791,''),
	(417,36,'item','admin.php?p=item&category_id=14',1,1303356792,' 内容管理&gt;通知公告'),
	(418,36,'item','/elance/school/admin.php?p=item&category_id=12',0,1303356797,''),
	(419,36,'item','/elance/school/admin.php?p=item&category_id=12',0,1303356803,''),
	(420,36,'item','/elance/school/admin.php?p=item&category_id=2',0,1303356804,''),
	(421,36,'item','/elance/school/admin.php?p=item&category_id=13',0,1303356806,''),
	(422,36,'item','admin.php?p=item&category_id=11',1,1303356818,' 内容管理&gt;资料下载'),
	(423,36,'item','admin.php?p=item&category_id=10',1,1303356822,' 内容管理&gt;师资队伍'),
	(424,36,'item','admin.php?p=item&category_id=7',1,1303356824,' 内容管理&gt;招生就业'),
	(425,36,'item','/elance/school/admin.php?p=item&action=edit_item&category_id=7&item_id=19',0,1303356828,''),
	(426,36,'upload','/elance/school/admin.php?p=upload&for=content',0,1303356829,''),
	(427,36,'item','/elance/school/admin.php?m=edit_item&p=item&item_id=19&category_id=7',0,1303356841,''),
	(428,36,'item','admin.php?p=item&category_id=7',1,1303356843,' 内容管理&gt;招生就业'),
	(429,36,'item','/elance/school/admin.php?p=item&action=edit_item&category_id=7&item_id=19',0,1303356906,''),
	(430,36,'upload','/elance/school/admin.php?p=upload&for=content',0,1303356908,''),
	(431,36,'item','/elance/school/admin.php?m=edit_item&p=item&item_id=19&category_id=7',0,1303356934,''),
	(432,36,'item','admin.php?p=item&category_id=7',1,1303356935,' 内容管理&gt;招生就业'),
	(433,36,'item','/elance/school/admin.php?p=item&action=edit_item&category_id=7&item_id=19',0,1303356949,''),
	(434,36,'upload','/elance/school/admin.php?p=upload&for=content',0,1303356949,''),
	(435,36,'item','/elance/school/admin.php?m=edit_item&p=item&item_id=19&category_id=7',0,1303356958,''),
	(436,36,'item','admin.php?p=item&category_id=7',1,1303356961,' 内容管理&gt;招生就业'),
	(437,36,'item','/elance/school/admin.php?p=item&action=edit_item&category_id=7&item_id=19',0,1303356970,''),
	(438,36,'upload','/elance/school/admin.php?p=upload&for=content',0,1303356971,''),
	(439,36,'item','/elance/school/admin.php?m=edit_item&p=item&item_id=19&category_id=7',0,1303357007,''),
	(440,36,'item','admin.php?p=item&category_id=7',1,1303357009,' 内容管理&gt;招生就业'),
	(441,0,'login','/elance/school/admin.php?p=login&module=admin&backurl=admin.php%3F',0,1303357671,''),
	(442,0,'login','/elance/school/admin.php?p=login&module=admin&m=login&backurl=admin.php%3F',0,1303357691,''),
	(443,36,'','/elance/school/admin.php?',0,1303357691,''),
	(444,36,'item','/elance/school/admin.php?p=item',0,1303357714,''),
	(445,36,'category','admin.php?p=category',1,1303357717,' 栏目管理'),
	(446,36,'category','/elance/school/admin.php?p=category&action=ajax_get',0,1303357717,''),
	(447,36,'config','/elance/school/admin.php?p=config',0,1303357719,''),
	(448,36,'admin','admin.php?p=admin',1,1303357724,' 管理员'),
	(449,36,'rights','admin.php?p=rights',1,1303357739,'角色/权限'),
	(450,36,'rights','admin.php?p=rights',1,1303357744,'角色/权限'),
	(451,36,'','/elance/school/admin.php',0,1303357758,''),
	(452,36,'item','/elance/school/admin.php?p=item',0,1303357767,''),
	(453,36,'','/elance/school/admin.php',0,1303357769,''),
	(454,36,'category','admin.php?p=category',1,1303357771,' 栏目管理'),
	(455,36,'category','/elance/school/admin.php?p=category&action=ajax_get',0,1303357771,''),
	(456,36,'config','/elance/school/admin.php?p=config',0,1303357778,''),
	(457,36,'','/elance/school/admin.php',0,1303357793,''),
	(458,36,'category','admin.php?p=category',1,1303357803,' 栏目管理'),
	(459,36,'category','/elance/school/admin.php?p=category&action=ajax_get',0,1303357803,''),
	(460,36,'category','/elance/school/admin.php?p=category&action=ajax_get&category_id=15&depth=1',0,1303357814,''),
	(461,36,'','/elance/school/admin.php',0,1303357818,''),
	(462,36,'','/elance/school/admin.php',0,1303357828,''),
	(463,36,'','/elance/school/admin.php',0,1303388550,''),
	(464,36,'item','/elance/school/admin.php?p=item',0,1303388552,''),
	(465,36,'category','admin.php?p=category',1,1303388554,' 栏目管理'),
	(466,36,'category','/elance/school/admin.php?p=category&action=ajax_get',0,1303388554,''),
	(467,36,'category','/elance/school/admin.php?m=new_category&p=category&category_id=0',0,1303388593,''),
	(468,36,'category','/elance/school/admin.php?p=category&action=edit_category&category_id=16',0,1303388593,''),
	(469,36,'category','/elance/school/admin.php?m=edit_category&p=category&category_id=16',0,1303388594,''),
	(470,36,'category','admin.php?p=category',1,1303388596,' 栏目管理'),
	(471,36,'category','/elance/school/admin.php?p=category&action=ajax_get',0,1303388596,''),
	(472,36,'category','/elance/school/admin.php?p=category&action=ajax_get&category_id=15&depth=1',0,1303388598,''),
	(473,36,'ajax','/elance/school/admin.php?p=ajax&m=update&table=category&column=system&id=15',0,1303388602,''),
	(474,36,'category','admin.php?p=category',1,1303388609,' 栏目管理'),
	(475,36,'category','/elance/school/admin.php?p=category&action=ajax_get',0,1303388610,''),
	(476,36,'category','/elance/school/admin.php?p=category&action=edit_category&category_id=15',0,1303388615,''),
	(477,36,'upload','/elance/school/admin.php?p=upload&for=content',0,1303388616,''),
	(478,36,'category','/elance/school/admin.php?m=edit_category&p=category&category_id=15',0,1303388622,''),
	(479,36,'category','admin.php?p=category',1,1303388623,' 栏目管理'),
	(480,36,'category','/elance/school/admin.php?p=category&action=ajax_get',0,1303388623,''),
	(481,36,'category','/elance/school/admin.php?p=category&action=ajax_get&category_id=16&depth=1',0,1303388626,''),
	(482,36,'category','/elance/school/admin.php?m=new_category&p=category&category_id=0',0,1303388640,''),
	(483,36,'category','/elance/school/admin.php?p=category&action=edit_category&category_id=17',0,1303388640,''),
	(484,36,'upload','/elance/school/admin.php?p=upload&for=content',0,1303388640,''),
	(485,36,'category','/elance/school/admin.php?m=edit_category&p=category&category_id=17',0,1303388691,''),
	(486,36,'category','admin.php?p=category',1,1303388692,' 栏目管理'),
	(487,36,'category','/elance/school/admin.php?p=category&action=ajax_get',0,1303388692,''),
	(488,36,'category','/elance/school/admin.php?p=category&action=ajax_get&category_id=16&depth=1',0,1303388694,''),
	(489,36,'ajax','/elance/school/admin.php?p=ajax&m=update&table=category&column=url&id=17',0,1303388698,''),
	(490,36,'category','/elance/school/admin.php?p=category&action=edit_category&category_id=15',0,1303388738,''),
	(491,36,'upload','/elance/school/admin.php?p=upload&for=content',0,1303388738,''),
	(492,36,'category','/elance/school/admin.php?m=edit_category&p=category&category_id=15',0,1303388744,''),
	(493,36,'category','admin.php?p=category',1,1303388745,' 栏目管理'),
	(494,36,'category','/elance/school/admin.php?p=category&action=ajax_get',0,1303388746,''),
	(495,36,'category','/elance/school/admin.php?p=category&action=ajax_get&category_id=16&depth=1',0,1303388750,''),
	(496,36,'category','/elance/school/admin.php?p=category&action=edit_category&category_id=17',0,1303388752,''),
	(497,36,'upload','/elance/school/admin.php?p=upload&for=content',0,1303388752,''),
	(498,36,'category','/elance/school/admin.php?m=edit_category&p=category&category_id=17',0,1303388761,''),
	(499,36,'category','admin.php?p=category',1,1303388762,' 栏目管理'),
	(500,36,'category','/elance/school/admin.php?p=category&action=ajax_get',0,1303388762,''),
	(501,36,'ajax','/elance/school/admin.php?p=ajax&m=delete&table=category&id=16',0,1303388768,''),
	(502,36,'item','/elance/school/admin.php?p=item',0,1303388769,''),
	(503,36,'item','/elance/school/admin.php?p=item&category_id=17',0,1303388770,''),
	(504,36,'category','/elance/school/admin.php?p=category&action=edit_category&category_id=17',0,1303388809,''),
	(505,36,'upload','/elance/school/admin.php?p=upload&for=content',0,1303388809,''),
	(506,36,'category','/elance/school/admin.php?m=edit_category&p=category&category_id=17',0,1303388979,''),
	(507,36,'item','/elance/school/admin.php?p=item&category_id=17',0,1303388981,''),
	(508,36,'category','/elance/school/admin.php?p=category&action=edit_category&category_id=17',0,1303389020,''),
	(509,36,'upload','/elance/school/admin.php?p=upload&for=content',0,1303389020,''),
	(510,36,'category','/elance/school/admin.php?m=edit_category&p=category&category_id=17',0,1303389061,''),
	(511,36,'item','/elance/school/admin.php?p=item&category_id=17',0,1303389062,''),
	(512,36,'category','/elance/school/admin.php?p=category&action=edit_category&category_id=17',0,1303389302,''),
	(513,36,'upload','/elance/school/admin.php?p=upload&for=content',0,1303389303,''),
	(514,36,'category','/elance/school/admin.php?m=edit_category&p=category&category_id=17',0,1303389994,''),
	(515,36,'item','/elance/school/admin.php?p=item&category_id=17',0,1303389995,''),
	(516,36,'category','/elance/school/admin.php?p=category&action=edit_category&category_id=17',0,1303390394,''),
	(517,36,'upload','/elance/school/admin.php?p=upload&for=content',0,1303390394,''),
	(518,36,'category','/elance/school/admin.php?m=edit_category&p=category&category_id=17',0,1303390494,''),
	(519,36,'item','/elance/school/admin.php?p=item&category_id=17',0,1303390495,''),
	(520,36,'category','admin.php?p=category',1,1303390916,' 栏目管理'),
	(521,36,'category','/elance/school/admin.php?p=category&action=ajax_get',0,1303390916,''),
	(522,36,'config','/elance/school/admin.php?p=config',0,1303390917,''),
	(523,36,'admin','admin.php?p=admin',1,1303390918,' 管理员'),
	(524,36,'rights','admin.php?p=rights',1,1303390919,'角色/权限'),
	(525,36,'rights','admin.php?p=rights',1,1303390921,'角色/权限'),
	(526,36,'rights','/elance/school/admin.php?p=rights&m=config&rights_id=1',0,1303390924,''),
	(527,36,'rights','admin.php?p=rights',1,1303390926,'角色/权限'),
	(528,36,'category','admin.php?p=category',1,1303390927,' 栏目管理'),
	(529,36,'category','/elance/school/admin.php?p=category&action=ajax_get',0,1303390927,''),
	(530,36,'category','/elance/school/admin.php?m=new_category&p=category&category_id=0',0,1303390942,''),
	(531,36,'category','/elance/school/admin.php?p=category&action=edit_category&category_id=18',0,1303390942,''),
	(532,36,'category','/elance/school/admin.php?m=edit_category&p=category&category_id=18',0,1303390943,''),
	(533,36,'category','admin.php?p=category',1,1303390944,' 栏目管理'),
	(534,36,'category','/elance/school/admin.php?p=category&action=ajax_get',0,1303390944,''),
	(535,36,'item','/elance/school/admin.php?p=item',0,1303390946,''),
	(536,36,'item','admin.php?p=item&category_id=18',1,1303390947,' 内容管理&gt;信箱留言内容'),
	(537,36,'item','/elance/school/admin.php?p=item&category_id=17',0,1303390948,''),
	(538,36,'item','admin.php?p=item&category_id=18',1,1303390950,' 内容管理&gt;信箱留言内容'),
	(539,36,'ajax','/elance/school/admin.php?p=ajax&m=delete&table=contact&id=1',0,1303390956,''),
	(540,36,'item','admin.php?p=item&category_id=18',1,1303390958,' 内容管理&gt;信箱留言内容'),
	(541,36,'item','admin.php?p=item&category_id=18',1,1303390987,' 内容管理&gt;信箱留言内容'),
	(542,36,'item','/elance/school/admin.php?p=item&category_id=17',0,1303391011,''),
	(543,36,'category','/elance/school/admin.php?p=category&action=edit_category&category_id=17',0,1303391012,''),
	(544,36,'upload','/elance/school/admin.php?p=upload&for=content',0,1303391013,''),
	(545,36,'category','/elance/school/admin.php?m=edit_category&p=category&category_id=17',0,1303391045,''),
	(546,36,'item','/elance/school/admin.php?p=item&category_id=17',0,1303391046,''),
	(547,36,'category','/elance/school/admin.php?p=category&action=edit_category&category_id=17',0,1303391058,''),
	(548,36,'upload','/elance/school/admin.php?p=upload&for=content',0,1303391058,''),
	(549,36,'category','/elance/school/admin.php?m=edit_category&p=category&category_id=17',0,1303391070,''),
	(550,36,'item','/elance/school/admin.php?p=item&category_id=17',0,1303391072,''),
	(551,36,'item','admin.php?p=item&category_id=18',1,1303391112,' 内容管理&gt;信箱留言内容'),
	(552,36,'item','admin.php?p=item&category_id=18',1,1303391140,' 内容管理&gt;信箱留言内容'),
	(553,36,'item','admin.php?p=item&category_id=18',1,1303391165,' 内容管理&gt;信箱留言内容'),
	(554,36,'item','admin.php?p=item&category_id=18',1,1303391193,' 内容管理&gt;信箱留言内容'),
	(555,36,'item','admin.php?p=item&category_id=18',1,1303391226,' 内容管理&gt;信箱留言内容'),
	(556,36,'item','admin.php?p=item&category_id=18',1,1303391296,' 内容管理&gt;信箱留言内容'),
	(557,36,'item','/elance/school/admin.php?p=item&category_id=18&search[]=touch',0,1303391317,''),
	(558,36,'item','admin.php?p=item&category_id=18',1,1303391338,' 内容管理&gt;信箱留言内容'),
	(559,36,'item','admin.php?p=item&category_id=18',1,1303391397,' 内容管理&gt;信箱留言内容'),
	(560,36,'item','admin.php?p=item&category_id=18',1,1303391412,' 内容管理&gt;信箱留言内容'),
	(561,36,'item','admin.php?p=item&category_id=18',1,1303391420,' 内容管理&gt;信箱留言内容'),
	(562,36,'item','admin.php?p=item&category_id=18',1,1303391422,' 内容管理&gt;信箱留言内容'),
	(563,36,'item','admin.php?p=item&category_id=18',1,1303391425,' 内容管理&gt;信箱留言内容'),
	(564,36,'item','admin.php?p=item&category_id=18',1,1303391427,' 内容管理&gt;信箱留言内容'),
	(565,36,'item','admin.php?p=item&category_id=18',1,1303391430,' 内容管理&gt;信箱留言内容'),
	(566,36,'item','admin.php?p=item&category_id=18',1,1303391433,' 内容管理&gt;信箱留言内容'),
	(567,36,'item','admin.php?p=item&category_id=18',1,1303391436,' 内容管理&gt;信箱留言内容'),
	(568,36,'ajax','/elance/school/admin.php?p=ajax&m=delete&table=contact&id=7',0,1303391440,''),
	(569,36,'item','admin.php?p=item&category_id=18',1,1303391441,' 内容管理&gt;信箱留言内容'),
	(570,36,'ajax','/elance/school/admin.php?p=ajax&m=delete&table=contact&id=6',0,1303391445,''),
	(571,36,'ajax','/elance/school/admin.php?p=ajax&m=delete&table=contact&id=5',0,1303391446,''),
	(572,36,'ajax','/elance/school/admin.php?p=ajax&m=delete&table=contact&id=4',0,1303391448,''),
	(573,36,'ajax','/elance/school/admin.php?p=ajax&m=delete&table=contact&id=2',0,1303391449,''),
	(574,36,'item','/elance/school/admin.php?p=item&category_id=17',0,1303391456,''),
	(575,36,'item','/elance/school/admin.php?p=item&category_id=17',0,1303391469,''),
	(576,36,'item','admin.php?p=item&category_id=18',1,1303391470,' 内容管理&gt;信箱留言内容'),
	(577,36,'ajax','/elance/school/admin.php?p=ajax&m=delete&table=contact&id=8',0,1303391473,''),
	(578,36,'item','/elance/school/admin.php?p=item&category_id=17',0,1303391475,''),
	(579,36,'category','admin.php?p=category',1,1303391476,' 栏目管理'),
	(580,36,'category','/elance/school/admin.php?p=category&action=ajax_get',0,1303391477,''),
	(581,36,'ajax','/elance/school/admin.php?p=ajax&m=update&table=category&column=order_id&id=17',0,1303391484,''),
	(582,36,'ajax','/elance/school/admin.php?p=ajax&m=update&table=category&column=order_id&id=18',0,1303391489,''),
	(583,36,'ajax','/elance/school/admin.php?p=ajax&m=update&table=category&column=order_id&id=14',0,1303391492,''),
	(584,36,'ajax','/elance/school/admin.php?p=ajax&m=update&table=category&column=order_id&id=14',0,1303391497,''),
	(585,36,'ajax','/elance/school/admin.php?p=ajax&m=update&table=category&column=order_id&id=1',0,1303391501,''),
	(586,36,'ajax','/elance/school/admin.php?p=ajax&m=update&table=category&column=order_id&id=14',0,1303391504,''),
	(587,36,'ajax','/elance/school/admin.php?p=ajax&m=update&table=category&column=system&id=15',0,1303391510,''),
	(588,36,'ajax','/elance/school/admin.php?p=ajax&m=update&table=category&column=system&id=17',0,1303391512,''),
	(589,36,'ajax','/elance/school/admin.php?p=ajax&m=update&table=category&column=system&id=18',0,1303391519,''),
	(590,36,'item','/elance/school/admin.php?p=item',0,1303391520,''),
	(591,36,'item','/elance/school/admin.php?p=item&category_id=15',0,1303391521,''),
	(592,36,'item','/elance/school/admin.php?p=item&category_id=17',0,1303391523,''),
	(593,36,'item','/elance/school/admin.php?p=item&category_id=15',0,1303391525,''),
	(594,36,'item','admin.php?p=item&category_id=18',1,1303391527,' 内容管理&gt;信箱留言内容'),
	(595,36,'item','/elance/school/admin.php?p=item&category_id=15',0,1303391529,''),
	(596,36,'item','/elance/school/admin.php?p=item&category_id=17',0,1303391531,''),
	(597,36,'item','/elance/school/admin.php?p=item&category_id=17',0,1303391674,''),
	(598,36,'item','/elance/school/admin.php?p=item&category_id=17',0,1303391678,''),
	(599,36,'item','/elance/school/admin.php?p=item&category_id=17',0,1303391706,''),
	(600,36,'item','/elance/school/admin.php?p=item&category_id=17',0,1303391725,''),
	(601,36,'category','admin.php?p=category',1,1303391739,' 栏目管理'),
	(602,36,'category','/elance/school/admin.php?p=category&action=ajax_get',0,1303391739,''),
	(603,36,'item','/elance/school/admin.php?p=item',0,1303391782,''),
	(604,36,'item','/elance/school/admin.php?p=item&category_id=15',0,1303391784,''),
	(605,36,'item','/elance/school/admin.php?p=item&category_id=17',0,1303391786,''),
	(606,36,'item','/elance/school/admin.php?p=item&category_id=15',0,1303391787,''),
	(607,36,'item','/elance/school/admin.php?p=item&category_id=17',0,1303391789,''),
	(608,36,'item','/elance/school/admin.php?p=item&category_id=15',0,1303391790,''),
	(609,36,'item','/elance/school/admin.php?p=item&category_id=17',0,1303391793,''),
	(610,36,'item','/elance/school/admin.php?p=item&category_id=17',0,1303391939,''),
	(611,36,'item','/elance/school/admin.php?p=item&category_id=15',0,1303391948,''),
	(612,36,'item','/elance/school/admin.php?p=item&category_id=17',0,1303391949,''),
	(613,36,'item','/elance/school/admin.php?p=item&category_id=15',0,1303391953,''),
	(614,36,'category','admin.php?p=category',1,1303391955,' 栏目管理'),
	(615,36,'category','/elance/school/admin.php?p=category&action=ajax_get',0,1303391955,''),
	(616,36,'ajax','/elance/school/admin.php?p=ajax&m=update&table=category&column=system&id=17',0,1303391961,''),
	(617,36,'item','/elance/school/admin.php?p=item',0,1303391962,''),
	(618,36,'item','/elance/school/admin.php?p=item&category_id=15',0,1303391964,''),
	(619,36,'item','/elance/school/admin.php?p=item&category_id=15',0,1303391967,''),
	(620,36,'category','admin.php?p=category',1,1303391968,' 栏目管理'),
	(621,36,'category','/elance/school/admin.php?p=category&action=ajax_get',0,1303391968,''),
	(622,36,'ajax','/elance/school/admin.php?p=ajax&m=update&table=category&column=system&id=17',0,1303391976,''),
	(623,36,'ajax','/elance/school/admin.php?p=ajax&m=update&table=category&column=system&id=15',0,1303391978,''),
	(624,36,'item','/elance/school/admin.php?p=item',0,1303391979,''),
	(625,36,'item','/elance/school/admin.php?p=item&category_id=15',0,1303391980,''),
	(626,36,'category','/elance/school/admin.php?p=category&action=edit_category&category_id=15',0,1303391981,''),
	(627,36,'upload','/elance/school/admin.php?p=upload&for=content',0,1303391981,''),
	(628,36,'item','/elance/school/admin.php?p=item',0,1303391985,''),
	(629,36,'item','/elance/school/admin.php?p=item&category_id=17',0,1303391987,''),
	(630,36,'item','admin.php?p=item&category_id=18',1,1303392000,' 内容管理&gt;信箱留言内容'),
	(631,36,'item','admin.php?p=item&category_id=14',1,1303392004,' 内容管理&gt;通知公告'),
	(632,36,'item','/elance/school/admin.php?p=item&category_id=12',0,1303392008,''),
	(633,36,'category','admin.php?p=category',1,1303392010,' 栏目管理'),
	(634,36,'category','/elance/school/admin.php?p=category&action=ajax_get',0,1303392010,''),
	(635,36,'category','/elance/school/admin.php?p=category&action=ajax_get&category_id=1&depth=1',0,1303392012,''),
	(636,36,'ajax','/elance/school/admin.php?p=ajax&m=update&table=category&column=system&id=12',0,1303392015,''),
	(637,36,'item','/elance/school/admin.php?p=item',0,1303392021,''),
	(638,36,'item','/elance/school/admin.php?p=item&category_id=12',0,1303392023,''),
	(639,36,'item','/elance/school/admin.php?p=item&category_id=2',0,1303392026,''),
	(640,36,'item','/elance/school/admin.php?p=item&category_id=13',0,1303392028,''),
	(641,36,'item','/elance/school/admin.php?p=item&category_id=2',0,1303392033,''),
	(642,36,'item','/elance/school/admin.php?p=item&category_id=13',0,1303392035,''),
	(643,36,'item','admin.php?p=item&category_id=3',1,1303392036,' 内容管理&gt;新闻中心'),
	(644,36,'item','admin.php?p=item&category_id=8',1,1303392038,' 内容管理&gt;二级分类1'),
	(645,36,'item','admin.php?p=item&category_id=3',1,1303392039,' 内容管理&gt;新闻中心'),
	(646,36,'item','admin.php?p=item&category_id=4',1,1303392040,' 内容管理&gt;党建工作'),
	(647,36,'item','admin.php?p=item&category_id=5',1,1303392042,' 内容管理&gt;科学研究'),
	(648,36,'item','admin.php?p=item&category_id=6',1,1303392043,' 内容管理&gt;人才培养'),
	(649,36,'item','admin.php?p=item&category_id=3',1,1303393097,' 内容管理&gt;新闻中心'),
	(650,36,'item','/elance/school/admin.php?p=item&action=new_item&category_id=3',0,1303393098,''),
	(651,36,'upload','/elance/school/admin.php?p=upload&for=content',0,1303393098,''),
	(652,36,'item','/elance/school/admin.php?m=new_item&p=item&category_id=3',0,1303393109,''),
	(653,36,'item','admin.php?p=item&category_id=3',1,1303393111,' 内容管理&gt;新闻中心'),
	(654,36,'item','/elance/school/admin.php?p=item&action=edit_item&category_id=3&item_id=23',0,1303393125,''),
	(655,36,'upload','/elance/school/admin.php?p=upload&for=content',0,1303393125,''),
	(656,36,'item','admin.php?p=item&category_id=3',1,1303393127,' 内容管理&gt;新闻中心'),
	(657,36,'item','/elance/school/admin.php?p=item&action=edit_item&category_id=3&item_id=2',0,1303393129,''),
	(658,36,'upload','/elance/school/admin.php?p=upload&for=content',0,1303393129,''),
	(659,36,'item','admin.php?p=item&category_id=3',1,1303393131,' 内容管理&gt;新闻中心'),
	(660,36,'item','/elance/school/admin.php?p=item&action=edit_item&category_id=3&item_id=23',0,1303393133,''),
	(661,36,'upload','/elance/school/admin.php?p=upload&for=content',0,1303393133,''),
	(662,36,'item','/elance/school/admin.php?p=item&action=edit_item&category_id=3&item_id=23',0,1303393198,''),
	(663,36,'upload','/elance/school/admin.php?p=upload&for=content',0,1303393198,''),
	(664,36,'item','/elance/school/admin.php?p=item&action=edit_item&category_id=3&item_id=23',0,1303393278,''),
	(665,36,'upload','/elance/school/admin.php?p=upload&for=content',0,1303393279,''),
	(666,36,'upload','/elance/school/admin.php?p=upload&m=upload&for=content',0,1303393320,''),
	(667,36,'item','/elance/school/admin.php?m=edit_item&p=item&item_id=23&category_id=3',0,1303393327,''),
	(668,36,'item','admin.php?p=item&category_id=3',1,1303393328,' 内容管理&gt;新闻中心'),
	(669,36,'item','/elance/school/admin.php?p=item&action=edit_item&category_id=3&item_id=23',0,1303396698,''),
	(670,36,'upload','/elance/school/admin.php?p=upload&for=content',0,1303396698,''),
	(671,36,'upload','/elance/school/admin.php?p=upload&m=upload&for=content',0,1303396711,''),
	(672,36,'upload','/elance/school/admin.php?p=upload&m=upload&for=content',0,1303396730,''),
	(673,36,'upload','/elance/school/admin.php?p=upload&m=upload&for=content',0,1303396740,''),
	(674,36,'item','/elance/school/admin.php?m=edit_item&p=item&item_id=23&category_id=3',0,1303396747,''),
	(675,36,'item','admin.php?p=item&category_id=3',1,1303396748,' 内容管理&gt;新闻中心'),
	(676,36,'item','/elance/school/admin.php?p=item&action=edit_item&category_id=3&item_id=23',0,1303396931,''),
	(677,36,'upload','/elance/school/admin.php?p=upload&for=content',0,1303396931,''),
	(678,36,'item','/elance/school/admin.php?m=edit_item&p=item&item_id=23&category_id=3',0,1303396934,''),
	(679,36,'item','/elance/school/admin.php?m=edit_item&p=item&item_id=23&category_id=3',0,1303396960,''),
	(680,36,'item','admin.php?p=item&category_id=3',1,1303396962,' 内容管理&gt;新闻中心'),
	(681,36,'','/elance/school/admin.php',0,1303442342,''),
	(682,36,'item','/elance/school/admin.php?p=item',0,1303442344,''),
	(683,36,'item','admin.php?p=item&category_id=3',1,1303442347,' 内容管理&gt;新闻中心'),
	(684,36,'item','admin.php?p=item&category_id=8',1,1303442350,' 内容管理&gt;二级分类1'),
	(685,36,'item','/elance/school/admin.php?p=item&action=new_item&category_id=8',0,1303442351,''),
	(686,36,'upload','/elance/school/admin.php?p=upload&for=content',0,1303442351,''),
	(687,36,'upload','/elance/school/admin.php?p=upload&m=upload&for=content',0,1303442378,''),
	(688,36,'item','/elance/school/admin.php?m=new_item&p=item&category_id=8',0,1303442381,''),
	(689,36,'item','admin.php?p=item&category_id=8',1,1303442382,' 内容管理&gt;二级分类1'),
	(690,36,'item','/elance/school/admin.php?p=item&action=edit_item&category_id=8&item_id=3',0,1303442423,''),
	(691,36,'upload','/elance/school/admin.php?p=upload&for=content',0,1303442423,''),
	(692,36,'item','/elance/school/admin.php?m=edit_item&p=item&item_id=3&category_id=8',0,1303442427,''),
	(693,36,'item','admin.php?p=item&category_id=8',1,1303442428,' 内容管理&gt;二级分类1'),
	(694,36,'item','admin.php?p=item&category_id=5',1,1303442504,' 内容管理&gt;科学研究'),
	(695,36,'item','/elance/school/admin.php?p=item&action=edit_item&category_id=5&item_id=17',0,1303442506,''),
	(696,36,'upload','/elance/school/admin.php?p=upload&for=content',0,1303442506,''),
	(697,36,'item','/elance/school/admin.php?m=edit_item&p=item&item_id=17&category_id=5',0,1303442523,''),
	(698,36,'item','admin.php?p=item&category_id=5',1,1303442524,' 内容管理&gt;科学研究'),
	(699,36,'item','admin.php?p=item&category_id=3',1,1303442993,' 内容管理&gt;新闻中心'),
	(700,36,'item','/elance/school/admin.php?p=item&action=view_item&category_id=3&item_id=23',0,1303442996,''),
	(701,36,'item','admin.php?p=item&category_id=3',1,1303443000,' 内容管理&gt;新闻中心'),
	(702,36,'item','/elance/school/admin.php?p=item&action=edit_item&category_id=3&item_id=23',0,1303443001,''),
	(703,36,'upload','/elance/school/admin.php?p=upload&for=content',0,1303443001,''),
	(704,36,'item','admin.php?p=item&category_id=3',1,1303444220,' 内容管理&gt;新闻中心'),
	(705,36,'category','admin.php?p=category',1,1303444224,' 栏目管理'),
	(706,36,'category','/elance/school/admin.php?p=category&action=ajax_get',0,1303444224,''),
	(707,36,'category','/elance/school/admin.php?m=new_category&p=category&category_id=0',0,1303444242,''),
	(708,36,'category','/elance/school/admin.php?p=category&action=edit_category&category_id=19',0,1303444242,''),
	(709,36,'category','/elance/school/admin.php?m=edit_category&p=category&category_id=19',0,1303444243,''),
	(710,36,'category','admin.php?p=category',1,1303444244,' 栏目管理'),
	(711,36,'category','/elance/school/admin.php?p=category&action=ajax_get',0,1303444244,''),
	(712,36,'item','/elance/school/admin.php?p=item',0,1303444246,''),
	(713,36,'item','admin.php?p=item&category_id=3',1,1303444248,' 内容管理&gt;新闻中心'),
	(714,36,'item','admin.php?p=item&category_id=19',1,1303444249,' 内容管理&gt;组图'),
	(715,36,'item','/elance/school/admin.php?p=item&action=new_item&category_id=19',0,1303444250,''),
	(716,36,'upload','/elance/school/admin.php?p=upload&for=content',0,1303444250,''),
	(717,36,'item','/elance/school/admin.php?m=new_item&p=item&category_id=19',0,1303444269,''),
	(718,36,'item','admin.php?p=item&category_id=19',1,1303444271,' 内容管理&gt;组图'),
	(719,36,'item','/elance/school/admin.php?p=item&action=new_item&category_id=19',0,1303444273,''),
	(720,36,'upload','/elance/school/admin.php?p=upload&for=content',0,1303444273,''),
	(721,36,'upload','/elance/school/admin.php?p=upload&m=upload&for=content',0,1303444292,''),
	(722,36,'upload','/elance/school/admin.php?p=upload&m=upload&for=content',0,1303444303,''),
	(723,36,'item','/elance/school/admin.php?m=new_item&p=item&category_id=19',0,1303444306,''),
	(724,36,'item','admin.php?p=item&category_id=19',1,1303444307,' 内容管理&gt;组图'),
	(725,36,'category','admin.php?p=category',1,1303444324,' 栏目管理'),
	(726,36,'category','/elance/school/admin.php?p=category&action=ajax_get',0,1303444324,''),
	(727,36,'category','/elance/school/admin.php?p=category&action=ajax_get&category_id=1&depth=1',0,1303444326,''),
	(728,36,'category','/elance/school/admin.php?p=category&action=ajax_get&category_id=2&depth=2',0,1303444327,''),
	(729,36,'category','/elance/school/admin.php?p=category&action=ajax_get&category_id=3&depth=2',0,1303444328,''),
	(730,36,'category','admin.php?p=category',1,1303445549,' 栏目管理'),
	(731,36,'category','/elance/school/admin.php?p=category&action=ajax_get',0,1303445550,''),
	(732,36,'category','/elance/school/admin.php?m=new_category&p=category&category_id=0',0,1303445569,''),
	(733,36,'category','/elance/school/admin.php?p=category&action=edit_category&category_id=20',0,1303445569,''),
	(734,36,'category','/elance/school/admin.php?m=edit_category&p=category&category_id=20',0,1303445571,''),
	(735,36,'category','admin.php?p=category',1,1303445572,' 栏目管理'),
	(736,36,'category','/elance/school/admin.php?p=category&action=ajax_get',0,1303445572,''),
	(737,36,'item','/elance/school/admin.php?p=item',0,1303445573,''),
	(738,36,'item','/elance/school/admin.php?p=item&category_id=20',0,1303445576,''),
	(739,36,'item','/elance/school/admin.php?p=item',0,1303445578,''),
	(740,36,'config','/elance/school/admin.php?p=config',0,1303445579,''),
	(741,36,'admin','admin.php?p=admin',1,1303445580,' 管理员'),
	(742,36,'rights','admin.php?p=rights',1,1303445583,'角色/权限'),
	(743,36,'rights','admin.php?p=rights',1,1303445584,'角色/权限'),
	(744,36,'rights','/elance/school/admin.php?p=rights&m=config&rights_id=1',0,1303445588,''),
	(745,36,'rights','admin.php?p=rights',1,1303445590,'角色/权限'),
	(746,36,'item','/elance/school/admin.php?p=item',0,1303445591,''),
	(747,36,'item','admin.php?p=item&category_id=20',1,1303445593,' 内容管理&gt;首页滚动图片新闻'),
	(748,36,'item','/elance/school/admin.php?p=item&action=new_item&category_id=20',0,1303445595,''),
	(749,36,'item','/elance/school/admin.php?m=new_item&p=item&category_id=20',0,1303445622,''),
	(750,36,'item','/elance/school/admin.php?m=new_item&p=item&category_id=20',0,1303445633,''),
	(751,36,'item','/elance/school/admin.php?m=new_item&p=item&category_id=20',0,1303445693,''),
	(752,36,'item','/elance/school/admin.php?m=new_item&p=item&category_id=20',0,1303445745,''),
	(753,36,'item','admin.php?p=item&category_id=20',1,1303445823,' 内容管理&gt;首页滚动图片新闻'),
	(754,36,'item','/elance/school/admin.php?p=item&action=new_item&category_id=20',0,1303445824,''),
	(755,36,'item','/elance/school/admin.php?p=item&action=new_item&category_id=20',0,1303445841,''),
	(756,36,'item','/elance/school/admin.php?p=item&action=new_item&category_id=20',0,1303445845,''),
	(757,36,'item','/elance/school/admin.php?p=item&action=new_item&category_id=20',0,1303445885,''),
	(758,36,'item','/elance/school/admin.php?p=item&action=new_item&category_id=20',0,1303445913,''),
	(759,36,'item','/elance/school/admin.php?p=item&action=new_item&category_id=20',0,1303445967,''),
	(760,36,'item','/elance/school/admin.php?p=item&action=new_item&category_id=20',0,1303446029,''),
	(761,36,'item','/elance/school/admin.php?m=new_item&p=item&category_id=20',0,1303446046,''),
	(762,36,'item','admin.php?p=item&category_id=20',1,1303446047,' 内容管理&gt;首页滚动图片新闻'),
	(763,36,'item','/elance/school/admin.php?p=item&action=view_item&category_id=20&item_id=1',0,1303446050,''),
	(764,36,'item','admin.php?p=item&category_id=20',1,1303446058,' 内容管理&gt;首页滚动图片新闻'),
	(765,36,'item','/elance/school/admin.php?p=item&action=new_item&category_id=20',0,1303446069,''),
	(766,36,'item','/elance/school/admin.php?m=new_item&p=item&category_id=20',0,1303446091,''),
	(767,36,'item','admin.php?p=item&category_id=20',1,1303446093,' 内容管理&gt;首页滚动图片新闻'),
	(768,36,'item','/elance/school/admin.php?p=item&action=edit_item&category_id=20&item_id=2',0,1303446101,''),
	(769,36,'item','admin.php?p=item&category_id=20',1,1303446106,' 内容管理&gt;首页滚动图片新闻'),
	(770,36,'category','admin.php?p=category',1,1303446110,' 栏目管理'),
	(771,36,'category','/elance/school/admin.php?p=category&action=ajax_get',0,1303446110,''),
	(772,36,'ajax','/elance/school/admin.php?p=ajax&m=update&table=category&column=url&id=20',0,1303446119,''),
	(773,36,'item','/elance/school/admin.php?p=item',0,1303446120,''),
	(774,36,'item','admin.php?p=item&category_id=20',1,1303446122,' 内容管理&gt;首页滚动图片新闻'),
	(775,36,'ajax','/elance/school/admin.php?p=ajax&m=update&table=slideshow&column=order_id&id=1',0,1303446226,''),
	(776,36,'item','/elance/school/admin.php?p=item&category_id=12',0,1303446853,''),
	(777,36,'item','/elance/school/admin.php?p=item&category_id=2',0,1303446856,''),
	(778,36,'item','/elance/school/admin.php?p=item&category_id=13',0,1303446857,''),
	(779,36,'item','admin.php?p=item&category_id=3',1,1303446862,' 内容管理&gt;新闻中心'),
	(780,36,'item','admin.php?p=item&category_id=8',1,1303446867,' 内容管理&gt;二级分类1'),
	(781,36,'item','admin.php?p=item&category_id=19',1,1303446872,' 内容管理&gt;组图'),
	(782,36,'item','admin.php?p=item&category_id=4',1,1303446873,' 内容管理&gt;党建工作'),
	(783,36,'item','admin.php?p=item&category_id=5',1,1303446880,' 内容管理&gt;科学研究'),
	(784,36,'category','admin.php?p=category',1,1303459076,' 栏目管理'),
	(785,36,'category','/elance/school/admin.php?p=category&action=ajax_get',0,1303459076,''),
	(786,36,'category','/elance/school/admin.php?p=category&action=ajax_get&category_id=1&depth=1',0,1303459079,''),
	(787,36,'item','/elance/school/admin.php?p=item',0,1303459113,''),
	(788,36,'item','admin.php?p=item&category_id=11',1,1303459115,' 内容管理&gt;资料下载'),
	(789,36,'item','/elance/school/admin.php?p=item&action=edit_item&category_id=11&item_id=22',0,1303459118,''),
	(790,36,'upload','/elance/school/admin.php?p=upload&for=content',0,1303459118,''),
	(791,36,'item','/elance/school/admin.php?m=edit_item&p=item&item_id=22&category_id=11',0,1303459130,''),
	(792,36,'item','admin.php?p=item&category_id=11',1,1303459131,' 内容管理&gt;资料下载'),
	(793,36,'item','/elance/school/admin.php?p=item&action=new_item&category_id=11',0,1303459184,''),
	(794,36,'upload','/elance/school/admin.php?p=upload&for=content',0,1303459184,''),
	(795,36,'upload','/elance/school/admin.php?p=upload&m=upload&for=content',0,1303459212,''),
	(796,36,'item','/elance/school/admin.php?m=new_item&p=item&category_id=11',0,1303459214,''),
	(797,36,'item','admin.php?p=item&category_id=11',1,1303459215,' 内容管理&gt;资料下载');

/*!40000 ALTER TABLE `end_log` ENABLE KEYS */;
UNLOCK TABLES;


# Dump of table end_rights
# ------------------------------------------------------------

DROP TABLE IF EXISTS `end_rights`;

CREATE TABLE `end_rights` (
  `rights_id` int(10) unsigned NOT NULL auto_increment,
  `name` varchar(250) character set utf8 collate utf8_unicode_ci default NULL,
  `description` varchar(250) character set utf8 collate utf8_unicode_ci default NULL,
  `order_id` int(11) NOT NULL default '0',
  `rights` text character set utf8 collate utf8_unicode_ci,
  UNIQUE KEY `rights_id` (`rights_id`)
) ENGINE=MyISAM AUTO_INCREMENT=10 DEFAULT CHARSET=latin1;

LOCK TABLES `end_rights` WRITE;
/*!40000 ALTER TABLE `end_rights` DISABLE KEYS */;
INSERT INTO `end_rights` (`rights_id`,`name`,`description`,`order_id`,`rights`)
VALUES
	(1,'超级管理员','拥有所有权限',9,'category_view,category_add,category_update,category_delete,item_view,item_add,item_update,item_delete,account_update,admin_view,admin_add,admin_update,admin_update_password,admin_delete,config_view,config_add,config_update,config_delete,extension_view,extension_add,extension_update,extension_delete,upload_add,rights_view,rights_add,rights_update,rights_delete,article_view,article_add,article_update,article_delete,contact_view,contact_delete,slideshow_view,slideshow_add,slideshow_update,slideshow_delete');

/*!40000 ALTER TABLE `end_rights` ENABLE KEYS */;
UNLOCK TABLES;


# Dump of table end_slideshow
# ------------------------------------------------------------

DROP TABLE IF EXISTS `end_slideshow`;

CREATE TABLE `end_slideshow` (
  `slideshow_id` int(11) NOT NULL auto_increment,
  `status` int(11) NOT NULL default '0',
  `category_id` int(11) NOT NULL,
  `name` varchar(200) character set utf8 collate utf8_unicode_ci NOT NULL,
  `image` varchar(250) character set utf8 collate utf8_unicode_ci NOT NULL,
  `url` varchar(250) character set utf8 collate utf8_unicode_ci NOT NULL,
  `order_id` int(11) NOT NULL default '0',
  PRIMARY KEY  (`slideshow_id`)
) ENGINE=MyISAM AUTO_INCREMENT=3 DEFAULT CHARSET=utf8;

LOCK TABLES `end_slideshow` WRITE;
/*!40000 ALTER TABLE `end_slideshow` DISABLE KEYS */;
INSERT INTO `end_slideshow` (`slideshow_id`,`status`,`category_id`,`name`,`image`,`url`,`order_id`)
VALUES
	(1,1,0,'测试图片1','public/2011/04/6acbaee2-6918-497c-9479-23c7c3ea3924.jpg','http://php.js.cn',2),
	(2,1,0,'测试2','public/2011/04/wangxiyi2.jpg','',0);

/*!40000 ALTER TABLE `end_slideshow` ENABLE KEYS */;
UNLOCK TABLES;


# Dump of table end_user
# ------------------------------------------------------------

DROP TABLE IF EXISTS `end_user`;

CREATE TABLE `end_user` (
  `user_id` int(11) NOT NULL auto_increment,
  `email` varchar(250) character set utf8 collate utf8_unicode_ci NOT NULL,
  `password` varchar(250) character set utf8 collate utf8_unicode_ci NOT NULL,
  `status` int(10) NOT NULL,
  `create_time` int(11) NOT NULL,
  `fname` varchar(200) NOT NULL,
  `lname` varchar(200) NOT NULL default '',
  `city` varchar(100) default NULL,
  `street` varchar(250) default NULL,
  `fax` varchar(100) default NULL,
  `states` varchar(50) default NULL,
  `phone` varchar(100) default NULL,
  `zip` varchar(10) default NULL,
  PRIMARY KEY  (`user_id`)
) ENGINE=MyISAM AUTO_INCREMENT=2 DEFAULT CHARSET=utf8;

LOCK TABLES `end_user` WRITE;
/*!40000 ALTER TABLE `end_user` DISABLE KEYS */;
INSERT INTO `end_user` (`user_id`,`email`,`password`,`status`,`create_time`,`fname`,`lname`,`city`,`street`,`fax`,`states`,`phone`,`zip`)
VALUES
	(1,'longbill.cn@gmail.com','55d7e24398e9cc418e630d1602a6609f43cefef0',0,1282230798,'fname','lname','city','street','','AL','121212121','11214');

/*!40000 ALTER TABLE `end_user` ENABLE KEYS */;
UNLOCK TABLES;





/*!40111 SET SQL_NOTES=@OLD_SQL_NOTES */;
/*!40101 SET SQL_MODE=@OLD_SQL_MODE */;
/*!40014 SET FOREIGN_KEY_CHECKS=@OLD_FOREIGN_KEY_CHECKS */;
/*!40014 SET UNIQUE_CHECKS=@OLD_UNIQUE_CHECKS */;
/*!40101 SET CHARACTER_SET_CLIENT=@OLD_CHARACTER_SET_CLIENT */;
/*!40101 SET CHARACTER_SET_RESULTS=@OLD_CHARACTER_SET_RESULTS */;
/*!40101 SET COLLATION_CONNECTION=@OLD_COLLATION_CONNECTION */;
